Workbook

Sheet tgr_fd68e454.base_table_assignm
A1: Tabel | B1: Kolom | C1: DataKey | D1: Urutan | E1: Blok | F1: Nomor Rincian | G1: Label | H1: Tipe | I1: Keterangan
A2: tgr_fd68e454.base_table_assignment | B2: email | C2: email | D2: =IFERROR(VLOOKUP($C2,'_METADATA_TEMPLATE'!$B$2:$H$826,2,FALSE),"") -> 131 | E2: =IFERROR(VLOOKUP($C2,'_METADATA_TEMPLATE'!$B$2:$H$826,4,FALSE),"") -> SE2026 - L BLOK II | F2: =IFERROR(VLOOKUP($C2,'_METADATA_TEMPLATE'!$B$2:$H$826,5,FALSE),"") | G2: =IFERROR(VLOOKUP($C2,'_METADATA_TEMPLATE'!$B$2:$H$826,6,FALSE),"") -> • Email | H2: =IFERROR(VLOOKUP($C2,'_METADATA_TEMPLATE'!$B$2:$H$826,7,FALSE),"") -> Text Input | I2: =IFERROR(VLOOKUP(C2,'_METADATA_DEFAULT'!$A:$B,2,FALSE),"")
A3: tgr_fd68e454.base_table_assignment | B3: mode | C3: mode | D3: =IFERROR(VLOOKUP($C3,'_METADATA_TEMPLATE'!$B$2:$H$826,2,FALSE),"") -> 483 | E3: =IFERROR(VLOOKUP($C3,'_METADATA_TEMPLATE'!$B$2:$H$826,4,FALSE),"") | F3: =IFERROR(VLOOKUP($C3,'_METADATA_TEMPLATE'!$B$2:$H$826,5,FALSE),"") | G3: =IFERROR(VLOOKUP($C3,'_METADATA_TEMPLATE'!$B$2:$H$826,6,FALSE),"") -> Mode | H3: =IFERROR(VLOOKUP($C3,'_METADATA_TEMPLATE'!$B$2:$H$826,7,FALSE),"") -> Variable | I3: =IFERROR(VLOOKUP(C3,'_METADATA_DEFAULT'!$A:$B,2,FALSE),"") -> Moda Survei
A4: tgr_fd68e454.base_table_assignment | B4: assignment_id | C4: assignment_id | D4: =IFERROR(VLOOKUP($C4,'_METADATA_TEMPLATE'!$B$2:$H$826,2,FALSE),"") | E4: =IFERROR(VLOOKUP($C4,'_METADATA_TEMPLATE'!$B$2:$H$826,4,FALSE),"") | F4: =IFERROR(VLOOKUP($C4,'_METADATA_TEMPLATE'!$B$2:$H$826,5,FALSE),"") | G4: =IFERROR(VLOOKUP($C4,'_METADATA_TEMPLATE'!$B$2:$H$826,6,FALSE),"") | H4: =IFERROR(VLOOKUP($C4,'_METADATA_TEMPLATE'!$B$2:$H$826,7,FALSE),"") | I4: =IFERROR(VLOOKUP(C4,'_METADATA_DEFAULT'!$A:$B,2,FALSE),"") -> ID Assignment
A5: tgr_fd68e454.base_table_assignment | B5: level_1_full_code | C5: level_1_full_code | D5: =IFERROR(VLOOKUP($C5,'_METADATA_TEMPLATE'!$B$2:$H$826,2,FALSE),"") | E5: =IFERROR(VLOOKUP($C5,'_METADATA_TEMPLATE'!$B$2:$H$826,4,FALSE),"") | F5: =IFERROR(VLOOKUP($C5,'_METADATA_TEMPLATE'!$B$2:$H$826,5,FALSE),"") | G5: =IFERROR(VLOOKUP($C5,'_METADATA_TEMPLATE'!$B$2:$H$826,6,FALSE),"") | H5: =IFERROR(VLOOKUP($C5,'_METADATA_TEMPLATE'!$B$2:$H$826,7,FALSE),"") | I5: =IFERROR(VLOOKUP(C5,'_METADATA_DEFAULT'!$A:$B,2,FALSE),"") -> Kode Lengkap Provinsi
A6: tgr_fd68e454.base_table_assignment | B6: level_2_full_code | C6: level_2_full_code | D6: =IFERROR(VLOOKUP($C6,'_METADATA_TEMPLATE'!$B$2:$H$826,2,FALSE),"") | E6: =IFERROR(VLOOKUP($C6,'_METADATA_TEMPLATE'!$B$2:$H$826,4,FALSE),"") | F6: =IFERROR(VLOOKUP($C6,'_METADATA_TEMPLATE'!$B$2:$H$826,5,FALSE),"") | G6: =IFERROR(VLOOKUP($C6,'_METADATA_TEMPLATE'!$B$2:$H$826,6,FALSE),"") | H6: =IFERROR(VLOOKUP($C6,'_METADATA_TEMPLATE'!$B$2:$H$826,7,FALSE),"") | I6: =IFERROR(VLOOKUP(C6,'_METADATA_DEFAULT'!$A:$B,2,FALSE),"") -> Kode Lengkap Kabupaten/Kota
A7: tgr_fd68e454.base_table_assignment | B7: is_active | C7: is_active | D7: =IFERROR(VLOOKUP($C7,'_METADATA_TEMPLATE'!$B$2:$H$826,2,FALSE),"") | E7: =IFERROR(VLOOKUP($C7,'_METADATA_TEMPLATE'!$B$2:$H$826,4,FALSE),"") | F7: =IFERROR(VLOOKUP($C7,'_METADATA_TEMPLATE'!$B$2:$H$826,5,FALSE),"") | G7: =IFERROR(VLOOKUP($C7,'_METADATA_TEMPLATE'!$B$2:$H$826,6,FALSE),"") | H7: =IFERROR(VLOOKUP($C7,'_METADATA_TEMPLATE'!$B$2:$H$826,7,FALSE),"") | I7: =IFERROR(VLOOKUP(C7,'_METADATA_DEFAULT'!$A:$B,2,FALSE),"") -> 1 = Aktif, 0 = Dihapus
A8: tgr_fd68e454.base_table_assignment | B8: approved_by_creator | C8: approved_by_creator | D8: =IFERROR(VLOOKUP($C8,'_METADATA_TEMPLATE'!$B$2:$H$826,2,FALSE),"") | E8: =IFERROR(VLOOKUP($C8,'_METADATA_TEMPLATE'!$B$2:$H$826,4,FALSE),"") | F8: =IFERROR(VLOOKUP($C8,'_METADATA_TEMPLATE'!$B$2:$H$826,5,FALSE),"") | G8: =IFERROR(VLOOKUP($C8,'_METADATA_TEMPLATE'!$B$2:$H$826,6,FALSE),"") | H8: =IFERROR(VLOOKUP($C8,'_METADATA_TEMPLATE'!$B$2:$H$826,7,FALSE),"") | I8: =IFERROR(VLOOKUP(C8,'_METADATA_DEFAULT'!$A:$B,2,FALSE),"")
A9: tgr_fd68e454.base_table_assignment | B9: assignment_error_status_type | C9: assignment_error_status_type | D9: =IFERROR(VLOOKUP($C9,'_METADATA_TEMPLATE'!$B$2:$H$826,2,FALSE),"") | E9: =IFERROR(VLOOKUP($C9,'_METADATA_TEMPLATE'!$B$2:$H$826,4,FALSE),"") | F9: =IFERROR(VLOOKUP($C9,'_METADATA_TEMPLATE'!$B$2:$H$826,5,FALSE),"") | G9: =IFERROR(VLOOKUP($C9,'_METADATA_TEMPLATE'!$B$2:$H$826,6,FALSE),"") | H9: =IFERROR(VLOOKUP($C9,'_METADATA_TEMPLATE'!$B$2:$H$826,7,FALSE),"") | I9: =IFERROR(VLOOKUP(C9,'_METADATA_DEFAULT'!$A:$B,2,FALSE),"")
A10: tgr_fd68e454.base_table_assignment | B10: assignment_id_timestamp | C10: assignment_id_timestamp | D10: =IFERROR(VLOOKUP($C10,'_METADATA_TEMPLATE'!$B$2:$H$826,2,FALSE),"") | E10: =IFERROR(VLOOKUP($C10,'_METADATA_TEMPLATE'!$B$2:$H$826,4,FALSE),"") | F10: =IFERROR(VLOOKUP($C10,'_METADATA_TEMPLATE'!$B$2:$H$826,5,FALSE),"") | G10: =IFERROR(VLOOKUP($C10,'_METADATA_TEMPLATE'!$B$2:$H$826,6,FALSE),"") | H10: =IFERROR(VLOOKUP($C10,'_METADATA_TEMPLATE'!$B$2:$H$826,7,FALSE),"") | I10: =IFERROR(VLOOKUP(C10,'_METADATA_DEFAULT'!$A:$B,2,FALSE),"") -> ID Assignment + Timestamp
A11: tgr_fd68e454.base_table_assignment | B11: assignment_responsibility_admin | C11: assignment_responsibility_admin | D11: =IFERROR(VLOOKUP($C11,'_METADATA_TEMPLATE'!$B$2:$H$826,2,FALSE),"") | E11: =IFERROR(VLOOKUP($C11,'_METADATA_TEMPLATE'!$B$2:$H$826,4,FALSE),"") | F11: =IFERROR(VLOOKUP($C11,'_METADATA_TEMPLATE'!$B$2:$H$826,5,FALSE),"") | G11: =IFERROR(VLOOKUP($C11,'_METADATA_TEMPLATE'!$B$2:$H$826,6,FALSE),"") | H11: =IFERROR(VLOOKUP($C11,'_METADATA_TEMPLATE'!$B$2:$H$826,7,FALSE),"") | I11: =IFERROR(VLOOKUP(C11,'_METADATA_DEFAULT'!$A:$B,2,FALSE),"")
A12: tgr_fd68e454.base_table_assignment | B12: assignment_status_alias | C12: assignment_status_alias | D12: =IFERROR(VLOOKUP($C12,'_METADATA_TEMPLATE'!$B$2:$H$826,2,FALSE),"") | E12: =IFERROR(VLOOKUP($C12,'_METADATA_TEMPLATE'!$B$2:$H$826,4,FALSE),"") | F12: =IFERROR(VLOOKUP($C12,'_METADATA_TEMPLATE'!$B$2:$H$826,5,FALSE),"") | G12: =IFERROR(VLOOKUP($C12,'_METADATA_TEMPLATE'!$B$2:$H$826,6,FALSE),"") | H12: =IFERROR(VLOOKUP($C12,'_METADATA_TEMPLATE'!$B$2:$H$826,7,FALSE),"") | I12: =IFERROR(VLOOKUP(C12,'_METADATA_DEFAULT'!$A:$B,2,FALSE),"") -> Status Assignment
A13: tgr_fd68e454.base_table_assignment | B13: assignment_status_id | C13: assignment_status_id | D13: =IFERROR(VLOOKUP($C13,'_METADATA_TEMPLATE'!$B$2:$H$826,2,FALSE),"") | E13: =IFERROR(VLOOKUP($C13,'_METADATA_TEMPLATE'!$B$2:$H$826,4,FALSE),"") | F13: =IFERROR(VLOOKUP($C13,'_METADATA_TEMPLATE'!$B$2:$H$826,5,FALSE),"") | G13: =IFERROR(VLOOKUP($C13,'_METADATA_TEMPLATE'!$B$2:$H$826,6,FALSE),"") | H13: =IFERROR(VLOOKUP($C13,'_METADATA_TEMPLATE'!$B$2:$H$826,7,FALSE),"") | I13: =IFERROR(VLOOKUP(C13,'_METADATA_DEFAULT'!$A:$B,2,FALSE),"") -> ID Status Assignment
... A83: tgr_fd68e454.base_table_assignment | B83: assignment_date_modified | C83: assignment_date_modified | D83: =IFERROR(VLOOKUP($C83,'_METADATA_TEMPLATE'!$B$2:$H$826,2,FALSE),"") | E83: =IFERROR(VLOOKUP($C83,'_METADATA_TEMPLATE'!$B$2:$H$826,4,FALSE),"") | F83: =IFERROR(VLOOKUP($C83,'_METADATA_TEMPLATE'!$B$2:$H$826,5,FALSE),"") | G83: =IFERROR(VLOOKUP($C83,'_METADATA_TEMPLATE'!$B$2:$H$826,6,FALSE),"") | H83: =IFERROR(VLOOKUP($C83,'_METADATA_TEMPLATE'!$B$2:$H$826,7,FALSE),"") | I83: =IFERROR(VLOOKUP(C83,'_METADATA_DEFAULT'!$A:$B,2,FALSE),"") -> Tanggal Assignment Terakhir Diubah

Sheet tgr_fd68e454.base_table_assig_1
A1: Tabel | B1: Kolom | C1: DataKey | D1: Urutan | E1: Blok | F1: Nomor Rincian | G1: Label | H1: Tipe | I1: Keterangan
A2: tgr_fd68e454.base_table_assignment_history | B2: mode | C2: mode | D2: =IFERROR(VLOOKUP($C2,'_METADATA_TEMPLATE'!$B$2:$H$826,2,FALSE),"") -> 483 | E2: =IFERROR(VLOOKUP($C2,'_METADATA_TEMPLATE'!$B$2:$H$826,4,FALSE),"") | F2: =IFERROR(VLOOKUP($C2,'_METADATA_TEMPLATE'!$B$2:$H$826,5,FALSE),"") | G2: =IFERROR(VLOOKUP($C2,'_METADATA_TEMPLATE'!$B$2:$H$826,6,FALSE),"") -> Mode | H2: =IFERROR(VLOOKUP($C2,'_METADATA_TEMPLATE'!$B$2:$H$826,7,FALSE),"") -> Variable | I2: =IFERROR(VLOOKUP(C2,'_METADATA_DEFAULT'!$A:$B,2,FALSE),"") -> Moda Survei
A3: tgr_fd68e454.base_table_assignment_history | B3: assignment_id | C3: assignment_id | D3: =IFERROR(VLOOKUP($C3,'_METADATA_TEMPLATE'!$B$2:$H$826,2,FALSE),"") | E3: =IFERROR(VLOOKUP($C3,'_METADATA_TEMPLATE'!$B$2:$H$826,4,FALSE),"") | F3: =IFERROR(VLOOKUP($C3,'_METADATA_TEMPLATE'!$B$2:$H$826,5,FALSE),"") | G3: =IFERROR(VLOOKUP($C3,'_METADATA_TEMPLATE'!$B$2:$H$826,6,FALSE),"") | H3: =IFERROR(VLOOKUP($C3,'_METADATA_TEMPLATE'!$B$2:$H$826,7,FALSE),"") | I3: =IFERROR(VLOOKUP(C3,'_METADATA_DEFAULT'!$A:$B,2,FALSE),"") -> ID Assignment
A4: tgr_fd68e454.base_table_assignment_history | B4: date_created | C4: date_created | D4: =IFERROR(VLOOKUP($C4,'_METADATA_TEMPLATE'!$B$2:$H$826,2,FALSE),"") | E4: =IFERROR(VLOOKUP($C4,'_METADATA_TEMPLATE'!$B$2:$H$826,4,FALSE),"") | F4: =IFERROR(VLOOKUP($C4,'_METADATA_TEMPLATE'!$B$2:$H$826,5,FALSE),"") | G4: =IFERROR(VLOOKUP($C4,'_METADATA_TEMPLATE'!$B$2:$H$826,6,FALSE),"") | H4: =IFERROR(VLOOKUP($C4,'_METADATA_TEMPLATE'!$B$2:$H$826,7,FALSE),"") | I4: =IFERROR(VLOOKUP(C4,'_METADATA_DEFAULT'!$A:$B,2,FALSE),"")
A5: tgr_fd68e454.base_table_assignment_history | B5: level_1_full_code | C5: level_1_full_code | D5: =IFERROR(VLOOKUP($C5,'_METADATA_TEMPLATE'!$B$2:$H$826,2,FALSE),"") | E5: =IFERROR(VLOOKUP($C5,'_METADATA_TEMPLATE'!$B$2:$H$826,4,FALSE),"") | F5: =IFERROR(VLOOKUP($C5,'_METADATA_TEMPLATE'!$B$2:$H$826,5,FALSE),"") | G5: =IFERROR(VLOOKUP($C5,'_METADATA_TEMPLATE'!$B$2:$H$826,6,FALSE),"") | H5: =IFERROR(VLOOKUP($C5,'_METADATA_TEMPLATE'!$B$2:$H$826,7,FALSE),"") | I5: =IFERROR(VLOOKUP(C5,'_METADATA_DEFAULT'!$A:$B,2,FALSE),"") -> Kode Lengkap Provinsi
A6: tgr_fd68e454.base_table_assignment_history | B6: level_2_full_code | C6: level_2_full_code | D6: =IFERROR(VLOOKUP($C6,'_METADATA_TEMPLATE'!$B$2:$H$826,2,FALSE),"") | E6: =IFERROR(VLOOKUP($C6,'_METADATA_TEMPLATE'!$B$2:$H$826,4,FALSE),"") | F6: =IFERROR(VLOOKUP($C6,'_METADATA_TEMPLATE'!$B$2:$H$826,5,FALSE),"") | G6: =IFERROR(VLOOKUP($C6,'_METADATA_TEMPLATE'!$B$2:$H$826,6,FALSE),"") | H6: =IFERROR(VLOOKUP($C6,'_METADATA_TEMPLATE'!$B$2:$H$826,7,FALSE),"") | I6: =IFERROR(VLOOKUP(C6,'_METADATA_DEFAULT'!$A:$B,2,FALSE),"") -> Kode Lengkap Kabupaten/Kota
A7: tgr_fd68e454.base_table_assignment_history | B7: assignment_id_date_created | C7: assignment_id_date_created | D7: =IFERROR(VLOOKUP($C7,'_METADATA_TEMPLATE'!$B$2:$H$826,2,FALSE),"") | E7: =IFERROR(VLOOKUP($C7,'_METADATA_TEMPLATE'!$B$2:$H$826,4,FALSE),"") | F7: =IFERROR(VLOOKUP($C7,'_METADATA_TEMPLATE'!$B$2:$H$826,5,FALSE),"") | G7: =IFERROR(VLOOKUP($C7,'_METADATA_TEMPLATE'!$B$2:$H$826,6,FALSE),"") | H7: =IFERROR(VLOOKUP($C7,'_METADATA_TEMPLATE'!$B$2:$H$826,7,FALSE),"") | I7: =IFERROR(VLOOKUP(C7,'_METADATA_DEFAULT'!$A:$B,2,FALSE),"")
A8: tgr_fd68e454.base_table_assignment_history | B8: assignment_id_timestamp | C8: assignment_id_timestamp | D8: =IFERROR(VLOOKUP($C8,'_METADATA_TEMPLATE'!$B$2:$H$826,2,FALSE),"") | E8: =IFERROR(VLOOKUP($C8,'_METADATA_TEMPLATE'!$B$2:$H$826,4,FALSE),"") | F8: =IFERROR(VLOOKUP($C8,'_METADATA_TEMPLATE'!$B$2:$H$826,5,FALSE),"") | G8: =IFERROR(VLOOKUP($C8,'_METADATA_TEMPLATE'!$B$2:$H$826,6,FALSE),"") | H8: =IFERROR(VLOOKUP($C8,'_METADATA_TEMPLATE'!$B$2:$H$826,7,FALSE),"") | I8: =IFERROR(VLOOKUP(C8,'_METADATA_DEFAULT'!$A:$B,2,FALSE),"") -> ID Assignment + Timestamp
A9: tgr_fd68e454.base_table_assignment_history | B9: remark | C9: remark | D9: =IFERROR(VLOOKUP($C9,'_METADATA_TEMPLATE'!$B$2:$H$826,2,FALSE),"") | E9: =IFERROR(VLOOKUP($C9,'_METADATA_TEMPLATE'!$B$2:$H$826,4,FALSE),"") | F9: =IFERROR(VLOOKUP($C9,'_METADATA_TEMPLATE'!$B$2:$H$826,5,FALSE),"") | G9: =IFERROR(VLOOKUP($C9,'_METADATA_TEMPLATE'!$B$2:$H$826,6,FALSE),"") | H9: =IFERROR(VLOOKUP($C9,'_METADATA_TEMPLATE'!$B$2:$H$826,7,FALSE),"") | I9: =IFERROR(VLOOKUP(C9,'_METADATA_DEFAULT'!$A:$B,2,FALSE),"")
A10: tgr_fd68e454.base_table_assignment_history | B10: user_id | C10: user_id | D10: =IFERROR(VLOOKUP($C10,'_METADATA_TEMPLATE'!$B$2:$H$826,2,FALSE),"") | E10: =IFERROR(VLOOKUP($C10,'_METADATA_TEMPLATE'!$B$2:$H$826,4,FALSE),"") | F10: =IFERROR(VLOOKUP($C10,'_METADATA_TEMPLATE'!$B$2:$H$826,5,FALSE),"") | G10: =IFERROR(VLOOKUP($C10,'_METADATA_TEMPLATE'!$B$2:$H$826,6,FALSE),"") | H10: =IFERROR(VLOOKUP($C10,'_METADATA_TEMPLATE'!$B$2:$H$826,7,FALSE),"") | I10: =IFERROR(VLOOKUP(C10,'_METADATA_DEFAULT'!$A:$B,2,FALSE),"")
A11: tgr_fd68e454.base_table_assignment_history | B11: status_id | C11: status_id | D11: =IFERROR(VLOOKUP($C11,'_METADATA_TEMPLATE'!$B$2:$H$826,2,FALSE),"") | E11: =IFERROR(VLOOKUP($C11,'_METADATA_TEMPLATE'!$B$2:$H$826,4,FALSE),"") | F11: =IFERROR(VLOOKUP($C11,'_METADATA_TEMPLATE'!$B$2:$H$826,5,FALSE),"") | G11: =IFERROR(VLOOKUP($C11,'_METADATA_TEMPLATE'!$B$2:$H$826,6,FALSE),"") | H11: =IFERROR(VLOOKUP($C11,'_METADATA_TEMPLATE'!$B$2:$H$826,7,FALSE),"") | I11: =IFERROR(VLOOKUP(C11,'_METADATA_DEFAULT'!$A:$B,2,FALSE),"")
A12: tgr_fd68e454.base_table_assignment_history | B12: status_alias | C12: status_alias | D12: =IFERROR(VLOOKUP($C12,'_METADATA_TEMPLATE'!$B$2:$H$826,2,FALSE),"") | E12: =IFERROR(VLOOKUP($C12,'_METADATA_TEMPLATE'!$B$2:$H$826,4,FALSE),"") | F12: =IFERROR(VLOOKUP($C12,'_METADATA_TEMPLATE'!$B$2:$H$826,5,FALSE),"") | G12: =IFERROR(VLOOKUP($C12,'_METADATA_TEMPLATE'!$B$2:$H$826,6,FALSE),"") | H12: =IFERROR(VLOOKUP($C12,'_METADATA_TEMPLATE'!$B$2:$H$826,7,FALSE),"") | I12: =IFERROR(VLOOKUP(C12,'_METADATA_DEFAULT'!$A:$B,2,FALSE),"")
A13: tgr_fd68e454.base_table_assignment_history | B13: assignment_date_modified | C13: assignment_date_modified | D13: =IFERROR(VLOOKUP($C13,'_METADATA_TEMPLATE'!$B$2:$H$826,2,FALSE),"") | E13: =IFERROR(VLOOKUP($C13,'_METADATA_TEMPLATE'!$B$2:$H$826,4,FALSE),"") | F13: =IFERROR(VLOOKUP($C13,'_METADATA_TEMPLATE'!$B$2:$H$826,5,FALSE),"") | G13: =IFERROR(VLOOKUP($C13,'_METADATA_TEMPLATE'!$B$2:$H$826,6,FALSE),"") | H13: =IFERROR(VLOOKUP($C13,'_METADATA_TEMPLATE'!$B$2:$H$826,7,FALSE),"") | I13: =IFERROR(VLOOKUP(C13,'_METADATA_DEFAULT'!$A:$B,2,FALSE),"") -> Tanggal Assignment Terakhir Diubah

Sheet tgr_fd68e454.base_table_assig_2
A1: Tabel | B1: Kolom | C1: DataKey | D1: Urutan | E1: Blok | F1: Nomor Rincian | G1: Label | H1: Tipe | I1: Keterangan
A2: tgr_fd68e454.base_table_assignment_responsibility | B2: assignment_id | C2: assignment_id | D2: =IFERROR(VLOOKUP($C2,'_METADATA_TEMPLATE'!$B$2:$H$826,2,FALSE),"") | E2: =IFERROR(VLOOKUP($C2,'_METADATA_TEMPLATE'!$B$2:$H$826,4,FALSE),"") | F2: =IFERROR(VLOOKUP($C2,'_METADATA_TEMPLATE'!$B$2:$H$826,5,FALSE),"") | G2: =IFERROR(VLOOKUP($C2,'_METADATA_TEMPLATE'!$B$2:$H$826,6,FALSE),"") | H2: =IFERROR(VLOOKUP($C2,'_METADATA_TEMPLATE'!$B$2:$H$826,7,FALSE),"") | I2: =IFERROR(VLOOKUP(C2,'_METADATA_DEFAULT'!$A:$B,2,FALSE),"") -> ID Assignment
A3: tgr_fd68e454.base_table_assignment_responsibility | B3: id | C3: id | D3: =IFERROR(VLOOKUP($C3,'_METADATA_TEMPLATE'!$B$2:$H$826,2,FALSE),"") | E3: =IFERROR(VLOOKUP($C3,'_METADATA_TEMPLATE'!$B$2:$H$826,4,FALSE),"") | F3: =IFERROR(VLOOKUP($C3,'_METADATA_TEMPLATE'!$B$2:$H$826,5,FALSE),"") | G3: =IFERROR(VLOOKUP($C3,'_METADATA_TEMPLATE'!$B$2:$H$826,6,FALSE),"") | H3: =IFERROR(VLOOKUP($C3,'_METADATA_TEMPLATE'!$B$2:$H$826,7,FALSE),"") | I3: =IFERROR(VLOOKUP(C3,'_METADATA_DEFAULT'!$A:$B,2,FALSE),"")
A4: tgr_fd68e454.base_table_assignment_responsibility | B4: level_1_full_code | C4: level_1_full_code | D4: =IFERROR(VLOOKUP($C4,'_METADATA_TEMPLATE'!$B$2:$H$826,2,FALSE),"") | E4: =IFERROR(VLOOKUP($C4,'_METADATA_TEMPLATE'!$B$2:$H$826,4,FALSE),"") | F4: =IFERROR(VLOOKUP($C4,'_METADATA_TEMPLATE'!$B$2:$H$826,5,FALSE),"") | G4: =IFERROR(VLOOKUP($C4,'_METADATA_TEMPLATE'!$B$2:$H$826,6,FALSE),"") | H4: =IFERROR(VLOOKUP($C4,'_METADATA_TEMPLATE'!$B$2:$H$826,7,FALSE),"") | I4: =IFERROR(VLOOKUP(C4,'_METADATA_DEFAULT'!$A:$B,2,FALSE),"") -> Kode Lengkap Provinsi
A5: tgr_fd68e454.base_table_assignment_responsibility | B5: level_2_full_code | C5: level_2_full_code | D5: =IFERROR(VLOOKUP($C5,'_METADATA_TEMPLATE'!$B$2:$H$826,2,FALSE),"") | E5: =IFERROR(VLOOKUP($C5,'_METADATA_TEMPLATE'!$B$2:$H$826,4,FALSE),"") | F5: =IFERROR(VLOOKUP($C5,'_METADATA_TEMPLATE'!$B$2:$H$826,5,FALSE),"") | G5: =IFERROR(VLOOKUP($C5,'_METADATA_TEMPLATE'!$B$2:$H$826,6,FALSE),"") | H5: =IFERROR(VLOOKUP($C5,'_METADATA_TEMPLATE'!$B$2:$H$826,7,FALSE),"") | I5: =IFERROR(VLOOKUP(C5,'_METADATA_DEFAULT'!$A:$B,2,FALSE),"") -> Kode Lengkap Kabupaten/Kota
A6: tgr_fd68e454.base_table_assignment_responsibility | B6: assignment_id_timestamp | C6: assignment_id_timestamp | D6: =IFERROR(VLOOKUP($C6,'_METADATA_TEMPLATE'!$B$2:$H$826,2,FALSE),"") | E6: =IFERROR(VLOOKUP($C6,'_METADATA_TEMPLATE'!$B$2:$H$826,4,FALSE),"") | F6: =IFERROR(VLOOKUP($C6,'_METADATA_TEMPLATE'!$B$2:$H$826,5,FALSE),"") | G6: =IFERROR(VLOOKUP($C6,'_METADATA_TEMPLATE'!$B$2:$H$826,6,FALSE),"") | H6: =IFERROR(VLOOKUP($C6,'_METADATA_TEMPLATE'!$B$2:$H$826,7,FALSE),"") | I6: =IFERROR(VLOOKUP(C6,'_METADATA_DEFAULT'!$A:$B,2,FALSE),"") -> ID Assignment + Timestamp
A7: tgr_fd68e454.base_table_assignment_responsibility | B7: survey_user_before_id | C7: survey_user_before_id | D7: =IFERROR(VLOOKUP($C7,'_METADATA_TEMPLATE'!$B$2:$H$826,2,FALSE),"") | E7: =IFERROR(VLOOKUP($C7,'_METADATA_TEMPLATE'!$B$2:$H$826,4,FALSE),"") | F7: =IFERROR(VLOOKUP($C7,'_METADATA_TEMPLATE'!$B$2:$H$826,5,FALSE),"") | G7: =IFERROR(VLOOKUP($C7,'_METADATA_TEMPLATE'!$B$2:$H$826,6,FALSE),"") | H7: =IFERROR(VLOOKUP($C7,'_METADATA_TEMPLATE'!$B$2:$H$826,7,FALSE),"") | I7: =IFERROR(VLOOKUP(C7,'_METADATA_DEFAULT'!$A:$B,2,FALSE),"")
A8: tgr_fd68e454.base_table_assignment_responsibility | B8: survey_user_current_id | C8: survey_user_current_id | D8: =IFERROR(VLOOKUP($C8,'_METADATA_TEMPLATE'!$B$2:$H$826,2,FALSE),"") | E8: =IFERROR(VLOOKUP($C8,'_METADATA_TEMPLATE'!$B$2:$H$826,4,FALSE),"") | F8: =IFERROR(VLOOKUP($C8,'_METADATA_TEMPLATE'!$B$2:$H$826,5,FALSE),"") | G8: =IFERROR(VLOOKUP($C8,'_METADATA_TEMPLATE'!$B$2:$H$826,6,FALSE),"") | H8: =IFERROR(VLOOKUP($C8,'_METADATA_TEMPLATE'!$B$2:$H$826,7,FALSE),"") | I8: =IFERROR(VLOOKUP(C8,'_METADATA_DEFAULT'!$A:$B,2,FALSE),"")
A9: tgr_fd68e454.base_table_assignment_responsibility | B9: assignment_responsibility_status_id | C9: assignment_responsibility_status_id | D9: =IFERROR(VLOOKUP($C9,'_METADATA_TEMPLATE'!$B$2:$H$826,2,FALSE),"") | E9: =IFERROR(VLOOKUP($C9,'_METADATA_TEMPLATE'!$B$2:$H$826,4,FALSE),"") | F9: =IFERROR(VLOOKUP($C9,'_METADATA_TEMPLATE'!$B$2:$H$826,5,FALSE),"") | G9: =IFERROR(VLOOKUP($C9,'_METADATA_TEMPLATE'!$B$2:$H$826,6,FALSE),"") | H9: =IFERROR(VLOOKUP($C9,'_METADATA_TEMPLATE'!$B$2:$H$826,7,FALSE),"") | I9: =IFERROR(VLOOKUP(C9,'_METADATA_DEFAULT'!$A:$B,2,FALSE),"")
A10: tgr_fd68e454.base_table_assignment_responsibility | B10: date_created | C10: date_created | D10: =IFERROR(VLOOKUP($C10,'_METADATA_TEMPLATE'!$B$2:$H$826,2,FALSE),"") | E10: =IFERROR(VLOOKUP($C10,'_METADATA_TEMPLATE'!$B$2:$H$826,4,FALSE),"") | F10: =IFERROR(VLOOKUP($C10,'_METADATA_TEMPLATE'!$B$2:$H$826,5,FALSE),"") | G10: =IFERROR(VLOOKUP($C10,'_METADATA_TEMPLATE'!$B$2:$H$826,6,FALSE),"") | H10: =IFERROR(VLOOKUP($C10,'_METADATA_TEMPLATE'!$B$2:$H$826,7,FALSE),"") | I10: =IFERROR(VLOOKUP(C10,'_METADATA_DEFAULT'!$A:$B,2,FALSE),"")
A11: tgr_fd68e454.base_table_assignment_responsibility | B11: is_active | C11: is_active | D11: =IFERROR(VLOOKUP($C11,'_METADATA_TEMPLATE'!$B$2:$H$826,2,FALSE),"") | E11: =IFERROR(VLOOKUP($C11,'_METADATA_TEMPLATE'!$B$2:$H$826,4,FALSE),"") | F11: =IFERROR(VLOOKUP($C11,'_METADATA_TEMPLATE'!$B$2:$H$826,5,FALSE),"") | G11: =IFERROR(VLOOKUP($C11,'_METADATA_TEMPLATE'!$B$2:$H$826,6,FALSE),"") | H11: =IFERROR(VLOOKUP($C11,'_METADATA_TEMPLATE'!$B$2:$H$826,7,FALSE),"") | I11: =IFERROR(VLOOKUP(C11,'_METADATA_DEFAULT'!$A:$B,2,FALSE),"") -> 1 = Aktif, 0 = Dihapus
A12: tgr_fd68e454.base_table_assignment_responsibility | B12: before_user_id | C12: before_user_id | D12: =IFERROR(VLOOKUP($C12,'_METADATA_TEMPLATE'!$B$2:$H$826,2,FALSE),"") | E12: =IFERROR(VLOOKUP($C12,'_METADATA_TEMPLATE'!$B$2:$H$826,4,FALSE),"") | F12: =IFERROR(VLOOKUP($C12,'_METADATA_TEMPLATE'!$B$2:$H$826,5,FALSE),"") | G12: =IFERROR(VLOOKUP($C12,'_METADATA_TEMPLATE'!$B$2:$H$826,6,FALSE),"") | H12: =IFERROR(VLOOKUP($C12,'_METADATA_TEMPLATE'!$B$2:$H$826,7,FALSE),"") | I12: =IFERROR(VLOOKUP(C12,'_METADATA_DEFAULT'!$A:$B,2,FALSE),"")
A13: tgr_fd68e454.base_table_assignment_responsibility | B13: before_survey_role_id | C13: before_survey_role_id | D13: =IFERROR(VLOOKUP($C13,'_METADATA_TEMPLATE'!$B$2:$H$826,2,FALSE),"") | E13: =IFERROR(VLOOKUP($C13,'_METADATA_TEMPLATE'!$B$2:$H$826,4,FALSE),"") | F13: =IFERROR(VLOOKUP($C13,'_METADATA_TEMPLATE'!$B$2:$H$826,5,FALSE),"") | G13: =IFERROR(VLOOKUP($C13,'_METADATA_TEMPLATE'!$B$2:$H$826,6,FALSE),"") | H13: =IFERROR(VLOOKUP($C13,'_METADATA_TEMPLATE'!$B$2:$H$826,7,FALSE),"") | I13: =IFERROR(VLOOKUP(C13,'_METADATA_DEFAULT'!$A:$B,2,FALSE),"")
... A27: tgr_fd68e454.base_table_assignment_responsibility | B27: assignment_date_modified | C27: assignment_date_modified | D27: =IFERROR(VLOOKUP($C27,'_METADATA_TEMPLATE'!$B$2:$H$826,2,FALSE),"") | E27: =IFERROR(VLOOKUP($C27,'_METADATA_TEMPLATE'!$B$2:$H$826,4,FALSE),"") | F27: =IFERROR(VLOOKUP($C27,'_METADATA_TEMPLATE'!$B$2:$H$826,5,FALSE),"") | G27: =IFERROR(VLOOKUP($C27,'_METADATA_TEMPLATE'!$B$2:$H$826,6,FALSE),"") | H27: =IFERROR(VLOOKUP($C27,'_METADATA_TEMPLATE'!$B$2:$H$826,7,FALSE),"") | I27: =IFERROR(VLOOKUP(C27,'_METADATA_DEFAULT'!$A:$B,2,FALSE),"") -> Tanggal Assignment Terakhir Diubah

Sheet tgr_fd68e454.base_table_paradat
A1: Tabel | B1: Kolom | C1: DataKey | D1: Urutan | E1: Blok | F1: Nomor Rincian | G1: Label | H1: Tipe | I1: Keterangan
A2: tgr_fd68e454.base_table_paradata_action_log | B2: assignment_id | C2: assignment_id | D2: =IFERROR(VLOOKUP($C2,'_METADATA_TEMPLATE'!$B$2:$H$826,2,FALSE),"") | E2: =IFERROR(VLOOKUP($C2,'_METADATA_TEMPLATE'!$B$2:$H$826,4,FALSE),"") | F2: =IFERROR(VLOOKUP($C2,'_METADATA_TEMPLATE'!$B$2:$H$826,5,FALSE),"") | G2: =IFERROR(VLOOKUP($C2,'_METADATA_TEMPLATE'!$B$2:$H$826,6,FALSE),"") | H2: =IFERROR(VLOOKUP($C2,'_METADATA_TEMPLATE'!$B$2:$H$826,7,FALSE),"") | I2: =IFERROR(VLOOKUP(C2,'_METADATA_DEFAULT'!$A:$B,2,FALSE),"") -> ID Assignment
A3: tgr_fd68e454.base_table_paradata_action_log | B3: timestamp | C3: timestamp | D3: =IFERROR(VLOOKUP($C3,'_METADATA_TEMPLATE'!$B$2:$H$826,2,FALSE),"") | E3: =IFERROR(VLOOKUP($C3,'_METADATA_TEMPLATE'!$B$2:$H$826,4,FALSE),"") | F3: =IFERROR(VLOOKUP($C3,'_METADATA_TEMPLATE'!$B$2:$H$826,5,FALSE),"") | G3: =IFERROR(VLOOKUP($C3,'_METADATA_TEMPLATE'!$B$2:$H$826,6,FALSE),"") | H3: =IFERROR(VLOOKUP($C3,'_METADATA_TEMPLATE'!$B$2:$H$826,7,FALSE),"") | I3: =IFERROR(VLOOKUP(C3,'_METADATA_DEFAULT'!$A:$B,2,FALSE),"")
A4: tgr_fd68e454.base_table_paradata_action_log | B4: level_1_full_code | C4: level_1_full_code | D4: =IFERROR(VLOOKUP($C4,'_METADATA_TEMPLATE'!$B$2:$H$826,2,FALSE),"") | E4: =IFERROR(VLOOKUP($C4,'_METADATA_TEMPLATE'!$B$2:$H$826,4,FALSE),"") | F4: =IFERROR(VLOOKUP($C4,'_METADATA_TEMPLATE'!$B$2:$H$826,5,FALSE),"") | G4: =IFERROR(VLOOKUP($C4,'_METADATA_TEMPLATE'!$B$2:$H$826,6,FALSE),"") | H4: =IFERROR(VLOOKUP($C4,'_METADATA_TEMPLATE'!$B$2:$H$826,7,FALSE),"") | I4: =IFERROR(VLOOKUP(C4,'_METADATA_DEFAULT'!$A:$B,2,FALSE),"") -> Kode Lengkap Provinsi
A5: tgr_fd68e454.base_table_paradata_action_log | B5: level_2_full_code | C5: level_2_full_code | D5: =IFERROR(VLOOKUP($C5,'_METADATA_TEMPLATE'!$B$2:$H$826,2,FALSE),"") | E5: =IFERROR(VLOOKUP($C5,'_METADATA_TEMPLATE'!$B$2:$H$826,4,FALSE),"") | F5: =IFERROR(VLOOKUP($C5,'_METADATA_TEMPLATE'!$B$2:$H$826,5,FALSE),"") | G5: =IFERROR(VLOOKUP($C5,'_METADATA_TEMPLATE'!$B$2:$H$826,6,FALSE),"") | H5: =IFERROR(VLOOKUP($C5,'_METADATA_TEMPLATE'!$B$2:$H$826,7,FALSE),"") | I5: =IFERROR(VLOOKUP(C5,'_METADATA_DEFAULT'!$A:$B,2,FALSE),"") -> Kode Lengkap Kabupaten/Kota
A6: tgr_fd68e454.base_table_paradata_action_log | B6: assignment_id_timestamp | C6: assignment_id_timestamp | D6: =IFERROR(VLOOKUP($C6,'_METADATA_TEMPLATE'!$B$2:$H$826,2,FALSE),"") | E6: =IFERROR(VLOOKUP($C6,'_METADATA_TEMPLATE'!$B$2:$H$826,4,FALSE),"") | F6: =IFERROR(VLOOKUP($C6,'_METADATA_TEMPLATE'!$B$2:$H$826,5,FALSE),"") | G6: =IFERROR(VLOOKUP($C6,'_METADATA_TEMPLATE'!$B$2:$H$826,6,FALSE),"") | H6: =IFERROR(VLOOKUP($C6,'_METADATA_TEMPLATE'!$B$2:$H$826,7,FALSE),"") | I6: =IFERROR(VLOOKUP(C6,'_METADATA_DEFAULT'!$A:$B,2,FALSE),"") -> ID Assignment + Timestamp
A7: tgr_fd68e454.base_table_paradata_action_log | B7: action | C7: action | D7: =IFERROR(VLOOKUP($C7,'_METADATA_TEMPLATE'!$B$2:$H$826,2,FALSE),"") | E7: =IFERROR(VLOOKUP($C7,'_METADATA_TEMPLATE'!$B$2:$H$826,4,FALSE),"") | F7: =IFERROR(VLOOKUP($C7,'_METADATA_TEMPLATE'!$B$2:$H$826,5,FALSE),"") | G7: =IFERROR(VLOOKUP($C7,'_METADATA_TEMPLATE'!$B$2:$H$826,6,FALSE),"") | H7: =IFERROR(VLOOKUP($C7,'_METADATA_TEMPLATE'!$B$2:$H$826,7,FALSE),"") | I7: =IFERROR(VLOOKUP(C7,'_METADATA_DEFAULT'!$A:$B,2,FALSE),"")
A8: tgr_fd68e454.base_table_paradata_action_log | B8: action_log_index | C8: action_log_index | D8: =IFERROR(VLOOKUP($C8,'_METADATA_TEMPLATE'!$B$2:$H$826,2,FALSE),"") | E8: =IFERROR(VLOOKUP($C8,'_METADATA_TEMPLATE'!$B$2:$H$826,4,FALSE),"") | F8: =IFERROR(VLOOKUP($C8,'_METADATA_TEMPLATE'!$B$2:$H$826,5,FALSE),"") | G8: =IFERROR(VLOOKUP($C8,'_METADATA_TEMPLATE'!$B$2:$H$826,6,FALSE),"") | H8: =IFERROR(VLOOKUP($C8,'_METADATA_TEMPLATE'!$B$2:$H$826,7,FALSE),"") | I8: =IFERROR(VLOOKUP(C8,'_METADATA_DEFAULT'!$A:$B,2,FALSE),"")
A9: tgr_fd68e454.base_table_paradata_action_log | B9: battery_info_battery_level | C9: battery_info_battery_level | D9: =IFERROR(VLOOKUP($C9,'_METADATA_TEMPLATE'!$B$2:$H$826,2,FALSE),"") | E9: =IFERROR(VLOOKUP($C9,'_METADATA_TEMPLATE'!$B$2:$H$826,4,FALSE),"") | F9: =IFERROR(VLOOKUP($C9,'_METADATA_TEMPLATE'!$B$2:$H$826,5,FALSE),"") | G9: =IFERROR(VLOOKUP($C9,'_METADATA_TEMPLATE'!$B$2:$H$826,6,FALSE),"") | H9: =IFERROR(VLOOKUP($C9,'_METADATA_TEMPLATE'!$B$2:$H$826,7,FALSE),"") | I9: =IFERROR(VLOOKUP(C9,'_METADATA_DEFAULT'!$A:$B,2,FALSE),"")
A10: tgr_fd68e454.base_table_paradata_action_log | B10: battery_info_battery_temperature | C10: battery_info_battery_temperature | D10: =IFERROR(VLOOKUP($C10,'_METADATA_TEMPLATE'!$B$2:$H$826,2,FALSE),"") | E10: =IFERROR(VLOOKUP($C10,'_METADATA_TEMPLATE'!$B$2:$H$826,4,FALSE),"") | F10: =IFERROR(VLOOKUP($C10,'_METADATA_TEMPLATE'!$B$2:$H$826,5,FALSE),"") | G10: =IFERROR(VLOOKUP($C10,'_METADATA_TEMPLATE'!$B$2:$H$826,6,FALSE),"") | H10: =IFERROR(VLOOKUP($C10,'_METADATA_TEMPLATE'!$B$2:$H$826,7,FALSE),"") | I10: =IFERROR(VLOOKUP(C10,'_METADATA_DEFAULT'!$A:$B,2,FALSE),"")
A11: tgr_fd68e454.base_table_paradata_action_log | B11: is_mock | C11: is_mock | D11: =IFERROR(VLOOKUP($C11,'_METADATA_TEMPLATE'!$B$2:$H$826,2,FALSE),"") | E11: =IFERROR(VLOOKUP($C11,'_METADATA_TEMPLATE'!$B$2:$H$826,4,FALSE),"") | F11: =IFERROR(VLOOKUP($C11,'_METADATA_TEMPLATE'!$B$2:$H$826,5,FALSE),"") | G11: =IFERROR(VLOOKUP($C11,'_METADATA_TEMPLATE'!$B$2:$H$826,6,FALSE),"") | H11: =IFERROR(VLOOKUP($C11,'_METADATA_TEMPLATE'!$B$2:$H$826,7,FALSE),"") | I11: =IFERROR(VLOOKUP(C11,'_METADATA_DEFAULT'!$A:$B,2,FALSE),"")
A12: tgr_fd68e454.base_table_paradata_action_log | B12: latitude | C12: latitude | D12: =IFERROR(VLOOKUP($C12,'_METADATA_TEMPLATE'!$B$2:$H$826,2,FALSE),"") | E12: =IFERROR(VLOOKUP($C12,'_METADATA_TEMPLATE'!$B$2:$H$826,4,FALSE),"") | F12: =IFERROR(VLOOKUP($C12,'_METADATA_TEMPLATE'!$B$2:$H$826,5,FALSE),"") | G12: =IFERROR(VLOOKUP($C12,'_METADATA_TEMPLATE'!$B$2:$H$826,6,FALSE),"") | H12: =IFERROR(VLOOKUP($C12,'_METADATA_TEMPLATE'!$B$2:$H$826,7,FALSE),"") | I12: =IFERROR(VLOOKUP(C12,'_METADATA_DEFAULT'!$A:$B,2,FALSE),"")
A13: tgr_fd68e454.base_table_paradata_action_log | B13: longitude | C13: longitude | D13: =IFERROR(VLOOKUP($C13,'_METADATA_TEMPLATE'!$B$2:$H$826,2,FALSE),"") | E13: =IFERROR(VLOOKUP($C13,'_METADATA_TEMPLATE'!$B$2:$H$826,4,FALSE),"") | F13: =IFERROR(VLOOKUP($C13,'_METADATA_TEMPLATE'!$B$2:$H$826,5,FALSE),"") | G13: =IFERROR(VLOOKUP($C13,'_METADATA_TEMPLATE'!$B$2:$H$826,6,FALSE),"") | H13: =IFERROR(VLOOKUP($C13,'_METADATA_TEMPLATE'!$B$2:$H$826,7,FALSE),"") | I13: =IFERROR(VLOOKUP(C13,'_METADATA_DEFAULT'!$A:$B,2,FALSE),"")
... A16: tgr_fd68e454.base_table_paradata_action_log | B16: assignment_date_modified | C16: assignment_date_modified | D16: =IFERROR(VLOOKUP($C16,'_METADATA_TEMPLATE'!$B$2:$H$826,2,FALSE),"") | E16: =IFERROR(VLOOKUP($C16,'_METADATA_TEMPLATE'!$B$2:$H$826,4,FALSE),"") | F16: =IFERROR(VLOOKUP($C16,'_METADATA_TEMPLATE'!$B$2:$H$826,5,FALSE),"") | G16: =IFERROR(VLOOKUP($C16,'_METADATA_TEMPLATE'!$B$2:$H$826,6,FALSE),"") | H16: =IFERROR(VLOOKUP($C16,'_METADATA_TEMPLATE'!$B$2:$H$826,7,FALSE),"") | I16: =IFERROR(VLOOKUP(C16,'_METADATA_DEFAULT'!$A:$B,2,FALSE),"") -> Tanggal Assignment Terakhir Diubah

Sheet tgr_fd68e454.base_table_user_al
A1: Tabel | B1: Kolom | C1: DataKey | D1: Urutan | E1: Blok | F1: Nomor Rincian | G1: Label | H1: Tipe | I1: Keterangan
A2: tgr_fd68e454.base_table_user_allocation | B2: email | C2: email | D2: =IFERROR(VLOOKUP($C2,'_METADATA_TEMPLATE'!$B$2:$H$826,2,FALSE),"") -> 131 | E2: =IFERROR(VLOOKUP($C2,'_METADATA_TEMPLATE'!$B$2:$H$826,4,FALSE),"") -> SE2026 - L BLOK II | F2: =IFERROR(VLOOKUP($C2,'_METADATA_TEMPLATE'!$B$2:$H$826,5,FALSE),"") | G2: =IFERROR(VLOOKUP($C2,'_METADATA_TEMPLATE'!$B$2:$H$826,6,FALSE),"") -> • Email | H2: =IFERROR(VLOOKUP($C2,'_METADATA_TEMPLATE'!$B$2:$H$826,7,FALSE),"") -> Text Input | I2: =IFERROR(VLOOKUP(C2,'_METADATA_DEFAULT'!$A:$B,2,FALSE),"")
A3: tgr_fd68e454.base_table_user_allocation | B3: id | C3: id | D3: =IFERROR(VLOOKUP($C3,'_METADATA_TEMPLATE'!$B$2:$H$826,2,FALSE),"") | E3: =IFERROR(VLOOKUP($C3,'_METADATA_TEMPLATE'!$B$2:$H$826,4,FALSE),"") | F3: =IFERROR(VLOOKUP($C3,'_METADATA_TEMPLATE'!$B$2:$H$826,5,FALSE),"") | G3: =IFERROR(VLOOKUP($C3,'_METADATA_TEMPLATE'!$B$2:$H$826,6,FALSE),"") | H3: =IFERROR(VLOOKUP($C3,'_METADATA_TEMPLATE'!$B$2:$H$826,7,FALSE),"") | I3: =IFERROR(VLOOKUP(C3,'_METADATA_DEFAULT'!$A:$B,2,FALSE),"")
A4: tgr_fd68e454.base_table_user_allocation | B4: allocation_id | C4: allocation_id | D4: =IFERROR(VLOOKUP($C4,'_METADATA_TEMPLATE'!$B$2:$H$826,2,FALSE),"") | E4: =IFERROR(VLOOKUP($C4,'_METADATA_TEMPLATE'!$B$2:$H$826,4,FALSE),"") | F4: =IFERROR(VLOOKUP($C4,'_METADATA_TEMPLATE'!$B$2:$H$826,5,FALSE),"") | G4: =IFERROR(VLOOKUP($C4,'_METADATA_TEMPLATE'!$B$2:$H$826,6,FALSE),"") | H4: =IFERROR(VLOOKUP($C4,'_METADATA_TEMPLATE'!$B$2:$H$826,7,FALSE),"") | I4: =IFERROR(VLOOKUP(C4,'_METADATA_DEFAULT'!$A:$B,2,FALSE),"")
A5: tgr_fd68e454.base_table_user_allocation | B5: assignment_id_timestamp | C5: assignment_id_timestamp | D5: =IFERROR(VLOOKUP($C5,'_METADATA_TEMPLATE'!$B$2:$H$826,2,FALSE),"") | E5: =IFERROR(VLOOKUP($C5,'_METADATA_TEMPLATE'!$B$2:$H$826,4,FALSE),"") | F5: =IFERROR(VLOOKUP($C5,'_METADATA_TEMPLATE'!$B$2:$H$826,5,FALSE),"") | G5: =IFERROR(VLOOKUP($C5,'_METADATA_TEMPLATE'!$B$2:$H$826,6,FALSE),"") | H5: =IFERROR(VLOOKUP($C5,'_METADATA_TEMPLATE'!$B$2:$H$826,7,FALSE),"") | I5: =IFERROR(VLOOKUP(C5,'_METADATA_DEFAULT'!$A:$B,2,FALSE),"") -> ID Assignment + Timestamp
A6: tgr_fd68e454.base_table_user_allocation | B6: blocks | C6: blocks | D6: =IFERROR(VLOOKUP($C6,'_METADATA_TEMPLATE'!$B$2:$H$826,2,FALSE),"") | E6: =IFERROR(VLOOKUP($C6,'_METADATA_TEMPLATE'!$B$2:$H$826,4,FALSE),"") | F6: =IFERROR(VLOOKUP($C6,'_METADATA_TEMPLATE'!$B$2:$H$826,5,FALSE),"") | G6: =IFERROR(VLOOKUP($C6,'_METADATA_TEMPLATE'!$B$2:$H$826,6,FALSE),"") | H6: =IFERROR(VLOOKUP($C6,'_METADATA_TEMPLATE'!$B$2:$H$826,7,FALSE),"") | I6: =IFERROR(VLOOKUP(C6,'_METADATA_DEFAULT'!$A:$B,2,FALSE),"")
A7: tgr_fd68e454.base_table_user_allocation | B7: fullname | C7: fullname | D7: =IFERROR(VLOOKUP($C7,'_METADATA_TEMPLATE'!$B$2:$H$826,2,FALSE),"") | E7: =IFERROR(VLOOKUP($C7,'_METADATA_TEMPLATE'!$B$2:$H$826,4,FALSE),"") | F7: =IFERROR(VLOOKUP($C7,'_METADATA_TEMPLATE'!$B$2:$H$826,5,FALSE),"") | G7: =IFERROR(VLOOKUP($C7,'_METADATA_TEMPLATE'!$B$2:$H$826,6,FALSE),"") | H7: =IFERROR(VLOOKUP($C7,'_METADATA_TEMPLATE'!$B$2:$H$826,7,FALSE),"") | I7: =IFERROR(VLOOKUP(C7,'_METADATA_DEFAULT'!$A:$B,2,FALSE),"")
A8: tgr_fd68e454.base_table_user_allocation | B8: region_id | C8: region_id | D8: =IFERROR(VLOOKUP($C8,'_METADATA_TEMPLATE'!$B$2:$H$826,2,FALSE),"") | E8: =IFERROR(VLOOKUP($C8,'_METADATA_TEMPLATE'!$B$2:$H$826,4,FALSE),"") | F8: =IFERROR(VLOOKUP($C8,'_METADATA_TEMPLATE'!$B$2:$H$826,5,FALSE),"") | G8: =IFERROR(VLOOKUP($C8,'_METADATA_TEMPLATE'!$B$2:$H$826,6,FALSE),"") | H8: =IFERROR(VLOOKUP($C8,'_METADATA_TEMPLATE'!$B$2:$H$826,7,FALSE),"") | I8: =IFERROR(VLOOKUP(C8,'_METADATA_DEFAULT'!$A:$B,2,FALSE),"")
A9: tgr_fd68e454.base_table_user_allocation | B9: role_sequence | C9: role_sequence | D9: =IFERROR(VLOOKUP($C9,'_METADATA_TEMPLATE'!$B$2:$H$826,2,FALSE),"") | E9: =IFERROR(VLOOKUP($C9,'_METADATA_TEMPLATE'!$B$2:$H$826,4,FALSE),"") | F9: =IFERROR(VLOOKUP($C9,'_METADATA_TEMPLATE'!$B$2:$H$826,5,FALSE),"") | G9: =IFERROR(VLOOKUP($C9,'_METADATA_TEMPLATE'!$B$2:$H$826,6,FALSE),"") | H9: =IFERROR(VLOOKUP($C9,'_METADATA_TEMPLATE'!$B$2:$H$826,7,FALSE),"") | I9: =IFERROR(VLOOKUP(C9,'_METADATA_DEFAULT'!$A:$B,2,FALSE),"")
A10: tgr_fd68e454.base_table_user_allocation | B10: role_description | C10: role_description | D10: =IFERROR(VLOOKUP($C10,'_METADATA_TEMPLATE'!$B$2:$H$826,2,FALSE),"") | E10: =IFERROR(VLOOKUP($C10,'_METADATA_TEMPLATE'!$B$2:$H$826,4,FALSE),"") | F10: =IFERROR(VLOOKUP($C10,'_METADATA_TEMPLATE'!$B$2:$H$826,5,FALSE),"") | G10: =IFERROR(VLOOKUP($C10,'_METADATA_TEMPLATE'!$B$2:$H$826,6,FALSE),"") | H10: =IFERROR(VLOOKUP($C10,'_METADATA_TEMPLATE'!$B$2:$H$826,7,FALSE),"") | I10: =IFERROR(VLOOKUP(C10,'_METADATA_DEFAULT'!$A:$B,2,FALSE),"")
A11: tgr_fd68e454.base_table_user_allocation | B11: survey_role_id | C11: survey_role_id | D11: =IFERROR(VLOOKUP($C11,'_METADATA_TEMPLATE'!$B$2:$H$826,2,FALSE),"") | E11: =IFERROR(VLOOKUP($C11,'_METADATA_TEMPLATE'!$B$2:$H$826,4,FALSE),"") | F11: =IFERROR(VLOOKUP($C11,'_METADATA_TEMPLATE'!$B$2:$H$826,5,FALSE),"") | G11: =IFERROR(VLOOKUP($C11,'_METADATA_TEMPLATE'!$B$2:$H$826,6,FALSE),"") | H11: =IFERROR(VLOOKUP($C11,'_METADATA_TEMPLATE'!$B$2:$H$826,7,FALSE),"") | I11: =IFERROR(VLOOKUP(C11,'_METADATA_DEFAULT'!$A:$B,2,FALSE),"")
A12: tgr_fd68e454.base_table_user_allocation | B12: survey_period_id | C12: survey_period_id | D12: =IFERROR(VLOOKUP($C12,'_METADATA_TEMPLATE'!$B$2:$H$826,2,FALSE),"") | E12: =IFERROR(VLOOKUP($C12,'_METADATA_TEMPLATE'!$B$2:$H$826,4,FALSE),"") | F12: =IFERROR(VLOOKUP($C12,'_METADATA_TEMPLATE'!$B$2:$H$826,5,FALSE),"") | G12: =IFERROR(VLOOKUP($C12,'_METADATA_TEMPLATE'!$B$2:$H$826,6,FALSE),"") | H12: =IFERROR(VLOOKUP($C12,'_METADATA_TEMPLATE'!$B$2:$H$826,7,FALSE),"") | I12: =IFERROR(VLOOKUP(C12,'_METADATA_DEFAULT'!$A:$B,2,FALSE),"") -> ID Periode Survei
A13: tgr_fd68e454.base_table_user_allocation | B13: survey_role_group_id | C13: survey_role_group_id | D13: =IFERROR(VLOOKUP($C13,'_METADATA_TEMPLATE'!$B$2:$H$826,2,FALSE),"") | E13: =IFERROR(VLOOKUP($C13,'_METADATA_TEMPLATE'!$B$2:$H$826,4,FALSE),"") | F13: =IFERROR(VLOOKUP($C13,'_METADATA_TEMPLATE'!$B$2:$H$826,5,FALSE),"") | G13: =IFERROR(VLOOKUP($C13,'_METADATA_TEMPLATE'!$B$2:$H$826,6,FALSE),"") | H13: =IFERROR(VLOOKUP($C13,'_METADATA_TEMPLATE'!$B$2:$H$826,7,FALSE),"") | I13: =IFERROR(VLOOKUP(C13,'_METADATA_DEFAULT'!$A:$B,2,FALSE),"")
... A20: tgr_fd68e454.base_table_user_allocation | B20: updated_at | C20: updated_at | D20: =IFERROR(VLOOKUP($C20,'_METADATA_TEMPLATE'!$B$2:$H$826,2,FALSE),"") | E20: =IFERROR(VLOOKUP($C20,'_METADATA_TEMPLATE'!$B$2:$H$826,4,FALSE),"") | F20: =IFERROR(VLOOKUP($C20,'_METADATA_TEMPLATE'!$B$2:$H$826,5,FALSE),"") | G20: =IFERROR(VLOOKUP($C20,'_METADATA_TEMPLATE'!$B$2:$H$826,6,FALSE),"") | H20: =IFERROR(VLOOKUP($C20,'_METADATA_TEMPLATE'!$B$2:$H$826,7,FALSE),"") | I20: =IFERROR(VLOOKUP(C20,'_METADATA_DEFAULT'!$A:$B,2,FALSE),"")

Sheet tgr_fd68e454.base_table_user__1
A1: Tabel | B1: Kolom | C1: DataKey | D1: Urutan | E1: Blok | F1: Nomor Rincian | G1: Label | H1: Tipe | I1: Keterangan
A2: tgr_fd68e454.base_table_user_allocation_new | B2: email | C2: email | D2: =IFERROR(VLOOKUP($C2,'_METADATA_TEMPLATE'!$B$2:$H$826,2,FALSE),"") -> 131 | E2: =IFERROR(VLOOKUP($C2,'_METADATA_TEMPLATE'!$B$2:$H$826,4,FALSE),"") -> SE2026 - L BLOK II | F2: =IFERROR(VLOOKUP($C2,'_METADATA_TEMPLATE'!$B$2:$H$826,5,FALSE),"") | G2: =IFERROR(VLOOKUP($C2,'_METADATA_TEMPLATE'!$B$2:$H$826,6,FALSE),"") -> • Email | H2: =IFERROR(VLOOKUP($C2,'_METADATA_TEMPLATE'!$B$2:$H$826,7,FALSE),"") -> Text Input | I2: =IFERROR(VLOOKUP(C2,'_METADATA_DEFAULT'!$A:$B,2,FALSE),"")
A3: tgr_fd68e454.base_table_user_allocation_new | B3: level_1_full_code | C3: level_1_full_code | D3: =IFERROR(VLOOKUP($C3,'_METADATA_TEMPLATE'!$B$2:$H$826,2,FALSE),"") | E3: =IFERROR(VLOOKUP($C3,'_METADATA_TEMPLATE'!$B$2:$H$826,4,FALSE),"") | F3: =IFERROR(VLOOKUP($C3,'_METADATA_TEMPLATE'!$B$2:$H$826,5,FALSE),"") | G3: =IFERROR(VLOOKUP($C3,'_METADATA_TEMPLATE'!$B$2:$H$826,6,FALSE),"") | H3: =IFERROR(VLOOKUP($C3,'_METADATA_TEMPLATE'!$B$2:$H$826,7,FALSE),"") | I3: =IFERROR(VLOOKUP(C3,'_METADATA_DEFAULT'!$A:$B,2,FALSE),"") -> Kode Lengkap Provinsi
A4: tgr_fd68e454.base_table_user_allocation_new | B4: level_2_full_code | C4: level_2_full_code | D4: =IFERROR(VLOOKUP($C4,'_METADATA_TEMPLATE'!$B$2:$H$826,2,FALSE),"") | E4: =IFERROR(VLOOKUP($C4,'_METADATA_TEMPLATE'!$B$2:$H$826,4,FALSE),"") | F4: =IFERROR(VLOOKUP($C4,'_METADATA_TEMPLATE'!$B$2:$H$826,5,FALSE),"") | G4: =IFERROR(VLOOKUP($C4,'_METADATA_TEMPLATE'!$B$2:$H$826,6,FALSE),"") | H4: =IFERROR(VLOOKUP($C4,'_METADATA_TEMPLATE'!$B$2:$H$826,7,FALSE),"") | I4: =IFERROR(VLOOKUP(C4,'_METADATA_DEFAULT'!$A:$B,2,FALSE),"") -> Kode Lengkap Kabupaten/Kota
A5: tgr_fd68e454.base_table_user_allocation_new | B5: user_id | C5: user_id | D5: =IFERROR(VLOOKUP($C5,'_METADATA_TEMPLATE'!$B$2:$H$826,2,FALSE),"") | E5: =IFERROR(VLOOKUP($C5,'_METADATA_TEMPLATE'!$B$2:$H$826,4,FALSE),"") | F5: =IFERROR(VLOOKUP($C5,'_METADATA_TEMPLATE'!$B$2:$H$826,5,FALSE),"") | G5: =IFERROR(VLOOKUP($C5,'_METADATA_TEMPLATE'!$B$2:$H$826,6,FALSE),"") | H5: =IFERROR(VLOOKUP($C5,'_METADATA_TEMPLATE'!$B$2:$H$826,7,FALSE),"") | I5: =IFERROR(VLOOKUP(C5,'_METADATA_DEFAULT'!$A:$B,2,FALSE),"")
A6: tgr_fd68e454.base_table_user_allocation_new | B6: region_id | C6: region_id | D6: =IFERROR(VLOOKUP($C6,'_METADATA_TEMPLATE'!$B$2:$H$826,2,FALSE),"") | E6: =IFERROR(VLOOKUP($C6,'_METADATA_TEMPLATE'!$B$2:$H$826,4,FALSE),"") | F6: =IFERROR(VLOOKUP($C6,'_METADATA_TEMPLATE'!$B$2:$H$826,5,FALSE),"") | G6: =IFERROR(VLOOKUP($C6,'_METADATA_TEMPLATE'!$B$2:$H$826,6,FALSE),"") | H6: =IFERROR(VLOOKUP($C6,'_METADATA_TEMPLATE'!$B$2:$H$826,7,FALSE),"") | I6: =IFERROR(VLOOKUP(C6,'_METADATA_DEFAULT'!$A:$B,2,FALSE),"")

Sheet tgr_fd68e454.kp_nested
A1: Tabel | B1: Kolom | C1: DataKey | D1: Urutan | E1: Blok | F1: Nomor Rincian | G1: Label | H1: Tipe | I1: Keterangan
A2: tgr_fd68e454.kp_nested | B2: kp_unit | C2: kp_unit | D2: =IFERROR(VLOOKUP($C2,'_METADATA_TEMPLATE'!$B$2:$H$826,2,FALSE),"") -> 100 | E2: =IFERROR(VLOOKUP($C2,'_METADATA_TEMPLATE'!$B$2:$H$826,4,FALSE),"") -> SE2026 - L BLOK II | F2: =IFERROR(VLOOKUP($C2,'_METADATA_TEMPLATE'!$B$2:$H$826,5,FALSE),"") | G2: =IFERROR(VLOOKUP($C2,'_METADATA_TEMPLATE'!$B$2:$H$826,6,FALSE),"") -> Nama Kantor/ Unit | H2: =IFERROR(VLOOKUP($C2,'_METADATA_TEMPLATE'!$B$2:$H$826,7,FALSE),"") -> Text Input | I2: =IFERROR(VLOOKUP(C2,'_METADATA_DEFAULT'!$A:$B,2,FALSE),"")
A3: tgr_fd68e454.kp_nested | B3: kp_jenis_label | C3: kp_jenis | D3: =IFERROR(VLOOKUP($C3,'_METADATA_TEMPLATE'!$B$2:$H$826,2,FALSE),"") -> 101 | E3: =IFERROR(VLOOKUP($C3,'_METADATA_TEMPLATE'!$B$2:$H$826,4,FALSE),"") -> SE2026 - L BLOK II | F3: =IFERROR(VLOOKUP($C3,'_METADATA_TEMPLATE'!$B$2:$H$826,5,FALSE),"") | G3: =IFERROR(VLOOKUP($C3,'_METADATA_TEMPLATE'!$B$2:$H$826,6,FALSE),"") -> Jenis Unit | H3: =IFERROR(VLOOKUP($C3,'_METADATA_TEMPLATE'!$B$2:$H$826,7,FALSE),"") -> Radio Group | I3: =IFERROR(VLOOKUP(C3,'_METADATA_DEFAULT'!$A:$B,2,FALSE),"")
A4: tgr_fd68e454.kp_nested | B4: kp_jenis_value | C4: kp_jenis | D4: =IFERROR(VLOOKUP($C4,'_METADATA_TEMPLATE'!$B$2:$H$826,2,FALSE),"") -> 101 | E4: =IFERROR(VLOOKUP($C4,'_METADATA_TEMPLATE'!$B$2:$H$826,4,FALSE),"") -> SE2026 - L BLOK II | F4: =IFERROR(VLOOKUP($C4,'_METADATA_TEMPLATE'!$B$2:$H$826,5,FALSE),"") | G4: =IFERROR(VLOOKUP($C4,'_METADATA_TEMPLATE'!$B$2:$H$826,6,FALSE),"") -> Jenis Unit | H4: =IFERROR(VLOOKUP($C4,'_METADATA_TEMPLATE'!$B$2:$H$826,7,FALSE),"") -> Radio Group | I4: =IFERROR(VLOOKUP(C4,'_METADATA_DEFAULT'!$A:$B,2,FALSE),"")
A5: tgr_fd68e454.kp_nested | B5: kp_prov_label | C5: kp_prov | D5: =IFERROR(VLOOKUP($C5,'_METADATA_TEMPLATE'!$B$2:$H$826,2,FALSE),"") -> 102 | E5: =IFERROR(VLOOKUP($C5,'_METADATA_TEMPLATE'!$B$2:$H$826,4,FALSE),"") -> SE2026 - L BLOK II | F5: =IFERROR(VLOOKUP($C5,'_METADATA_TEMPLATE'!$B$2:$H$826,5,FALSE),"") | G5: =IFERROR(VLOOKUP($C5,'_METADATA_TEMPLATE'!$B$2:$H$826,6,FALSE),"") -> Provinsi | H5: =IFERROR(VLOOKUP($C5,'_METADATA_TEMPLATE'!$B$2:$H$826,7,FALSE),"") -> Select | I5: =IFERROR(VLOOKUP(C5,'_METADATA_DEFAULT'!$A:$B,2,FALSE),"")
A6: tgr_fd68e454.kp_nested | B6: kp_prov_value | C6: kp_prov | D6: =IFERROR(VLOOKUP($C6,'_METADATA_TEMPLATE'!$B$2:$H$826,2,FALSE),"") -> 102 | E6: =IFERROR(VLOOKUP($C6,'_METADATA_TEMPLATE'!$B$2:$H$826,4,FALSE),"") -> SE2026 - L BLOK II | F6: =IFERROR(VLOOKUP($C6,'_METADATA_TEMPLATE'!$B$2:$H$826,5,FALSE),"") | G6: =IFERROR(VLOOKUP($C6,'_METADATA_TEMPLATE'!$B$2:$H$826,6,FALSE),"") -> Provinsi | H6: =IFERROR(VLOOKUP($C6,'_METADATA_TEMPLATE'!$B$2:$H$826,7,FALSE),"") -> Select | I6: =IFERROR(VLOOKUP(C6,'_METADATA_DEFAULT'!$A:$B,2,FALSE),"")
A7: tgr_fd68e454.kp_nested | B7: kp_kab_label | C7: kp_kab | D7: =IFERROR(VLOOKUP($C7,'_METADATA_TEMPLATE'!$B$2:$H$826,2,FALSE),"") -> 104 | E7: =IFERROR(VLOOKUP($C7,'_METADATA_TEMPLATE'!$B$2:$H$826,4,FALSE),"") -> SE2026 - L BLOK II | F7: =IFERROR(VLOOKUP($C7,'_METADATA_TEMPLATE'!$B$2:$H$826,5,FALSE),"") | G7: =IFERROR(VLOOKUP($C7,'_METADATA_TEMPLATE'!$B$2:$H$826,6,FALSE),"") -> Kabupaten | H7: =IFERROR(VLOOKUP($C7,'_METADATA_TEMPLATE'!$B$2:$H$826,7,FALSE),"") -> Select | I7: =IFERROR(VLOOKUP(C7,'_METADATA_DEFAULT'!$A:$B,2,FALSE),"")
A8: tgr_fd68e454.kp_nested | B8: kp_kab_value | C8: kp_kab | D8: =IFERROR(VLOOKUP($C8,'_METADATA_TEMPLATE'!$B$2:$H$826,2,FALSE),"") -> 104 | E8: =IFERROR(VLOOKUP($C8,'_METADATA_TEMPLATE'!$B$2:$H$826,4,FALSE),"") -> SE2026 - L BLOK II | F8: =IFERROR(VLOOKUP($C8,'_METADATA_TEMPLATE'!$B$2:$H$826,5,FALSE),"") | G8: =IFERROR(VLOOKUP($C8,'_METADATA_TEMPLATE'!$B$2:$H$826,6,FALSE),"") -> Kabupaten | H8: =IFERROR(VLOOKUP($C8,'_METADATA_TEMPLATE'!$B$2:$H$826,7,FALSE),"") -> Select | I8: =IFERROR(VLOOKUP(C8,'_METADATA_DEFAULT'!$A:$B,2,FALSE),"")
A9: tgr_fd68e454.kp_nested | B9: kp_produksi_lingkungan_label | C9: kp_produksi_lingkungan | D9: =IFERROR(VLOOKUP($C9,'_METADATA_TEMPLATE'!$B$2:$H$826,2,FALSE),"") -> 105 | E9: =IFERROR(VLOOKUP($C9,'_METADATA_TEMPLATE'!$B$2:$H$826,4,FALSE),"") -> SE2026 - L BLOK II | F9: =IFERROR(VLOOKUP($C9,'_METADATA_TEMPLATE'!$B$2:$H$826,5,FALSE),"") | G9: =IFERROR(VLOOKUP($C9,'_METADATA_TEMPLATE'!$B$2:$H$826,6,FALSE),"") -> Apakah perusahaan ini memproduksi barang/jasa yang ramah lingkungan? | H9: =IFERROR(VLOOKUP($C9,'_METADATA_TEMPLATE'!$B$2:$H$826,7,FALSE),"") -> Radio Group | I9: =IFERROR(VLOOKUP(C9,'_METADATA_DEFAULT'!$A:$B,2,FALSE),"")
A10: tgr_fd68e454.kp_nested | B10: kp_produksi_lingkungan_value | C10: kp_produksi_lingkungan | D10: =IFERROR(VLOOKUP($C10,'_METADATA_TEMPLATE'!$B$2:$H$826,2,FALSE),"") -> 105 | E10: =IFERROR(VLOOKUP($C10,'_METADATA_TEMPLATE'!$B$2:$H$826,4,FALSE),"") -> SE2026 - L BLOK II | F10: =IFERROR(VLOOKUP($C10,'_METADATA_TEMPLATE'!$B$2:$H$826,5,FALSE),"") | G10: =IFERROR(VLOOKUP($C10,'_METADATA_TEMPLATE'!$B$2:$H$826,6,FALSE),"") -> Apakah perusahaan ini memproduksi barang/jasa yang ramah lingkungan? | H10: =IFERROR(VLOOKUP($C10,'_METADATA_TEMPLATE'!$B$2:$H$826,7,FALSE),"") -> Radio Group | I10: =IFERROR(VLOOKUP(C10,'_METADATA_DEFAULT'!$A:$B,2,FALSE),"")
A11: tgr_fd68e454.kp_nested | B11: kp_perlindungan_lingkungan_label | C11: kp_perlindungan_lingkungan | D11: =IFERROR(VLOOKUP($C11,'_METADATA_TEMPLATE'!$B$2:$H$826,2,FALSE),"") -> 108 | E11: =IFERROR(VLOOKUP($C11,'_METADATA_TEMPLATE'!$B$2:$H$826,4,FALSE),"") -> SE2026 - L BLOK II | F11: =IFERROR(VLOOKUP($C11,'_METADATA_TEMPLATE'!$B$2:$H$826,5,FALSE),"") | G11: =IFERROR(VLOOKUP($C11,'_METADATA_TEMPLATE'!$B$2:$H$826,6,FALSE),"") -> Apakah perusahaan ini mengeluarkan biaya perlindungan lingkungan dan/atau pembelian barang dan jasa yang ramah lingkungan | H11: =IFERROR(VLOOKUP($C11,'_METADATA_TEMPLATE'!$B$2:$H$826,7,FALSE),"") -> Radio Group | I11: =IFERROR(VLOOKUP(C11,'_METADATA_DEFAULT'!$A:$B,2,FALSE),"")
A12: tgr_fd68e454.kp_nested | B12: kp_perlindungan_lingkungan_value | C12: kp_perlindungan_lingkungan | D12: =IFERROR(VLOOKUP($C12,'_METADATA_TEMPLATE'!$B$2:$H$826,2,FALSE),"") -> 108 | E12: =IFERROR(VLOOKUP($C12,'_METADATA_TEMPLATE'!$B$2:$H$826,4,FALSE),"") -> SE2026 - L BLOK II | F12: =IFERROR(VLOOKUP($C12,'_METADATA_TEMPLATE'!$B$2:$H$826,5,FALSE),"") | G12: =IFERROR(VLOOKUP($C12,'_METADATA_TEMPLATE'!$B$2:$H$826,6,FALSE),"") -> Apakah perusahaan ini mengeluarkan biaya perlindungan lingkungan dan/atau pembelian barang dan jasa yang ramah lingkungan | H12: =IFERROR(VLOOKUP($C12,'_METADATA_TEMPLATE'!$B$2:$H$826,7,FALSE),"") -> Radio Group | I12: =IFERROR(VLOOKUP(C12,'_METADATA_DEFAULT'!$A:$B,2,FALSE),"")
A13: tgr_fd68e454.kp_nested | B13: kp_tk | C13: kp_tk | D13: =IFERROR(VLOOKUP($C13,'_METADATA_TEMPLATE'!$B$2:$H$826,2,FALSE),"") -> 109 | E13: =IFERROR(VLOOKUP($C13,'_METADATA_TEMPLATE'!$B$2:$H$826,4,FALSE),"") -> SE2026 - L BLOK II | F13: =IFERROR(VLOOKUP($C13,'_METADATA_TEMPLATE'!$B$2:$H$826,5,FALSE),"") | G13: =IFERROR(VLOOKUP($C13,'_METADATA_TEMPLATE'!$B$2:$H$826,6,FALSE),"") -> Jumlah Pekerja (per 31 Desember 2025) (orang) | H13: =IFERROR(VLOOKUP($C13,'_METADATA_TEMPLATE'!$B$2:$H$826,7,FALSE),"") -> Number | I13: =IFERROR(VLOOKUP(C13,'_METADATA_DEFAULT'!$A:$B,2,FALSE),"")
... A57: tgr_fd68e454.kp_nested | B57: survey_period_name | C57: survey_period_name | D57: =IFERROR(VLOOKUP($C57,'_METADATA_TEMPLATE'!$B$2:$H$826,2,FALSE),"") | E57: =IFERROR(VLOOKUP($C57,'_METADATA_TEMPLATE'!$B$2:$H$826,4,FALSE),"") | F57: =IFERROR(VLOOKUP($C57,'_METADATA_TEMPLATE'!$B$2:$H$826,5,FALSE),"") | G57: =IFERROR(VLOOKUP($C57,'_METADATA_TEMPLATE'!$B$2:$H$826,6,FALSE),"") | H57: =IFERROR(VLOOKUP($C57,'_METADATA_TEMPLATE'!$B$2:$H$826,7,FALSE),"") | I57: =IFERROR(VLOOKUP(C57,'_METADATA_DEFAULT'!$A:$B,2,FALSE),"")

Sheet tgr_fd68e454.nested_dtsen
A1: Tabel | B1: Kolom | C1: DataKey | D1: Urutan | E1: Blok | F1: Nomor Rincian | G1: Label | H1: Tipe | I1: Keterangan
A2: tgr_fd68e454.nested_dtsen | B2: nama_dtsen | C2: nama_dtsen | D2: =IFERROR(VLOOKUP($C2,'_METADATA_TEMPLATE'!$B$2:$H$826,2,FALSE),"") -> 70 | E2: =IFERROR(VLOOKUP($C2,'_METADATA_TEMPLATE'!$B$2:$H$826,4,FALSE),"") -> SE2026 - L BLOK I | F2: =IFERROR(VLOOKUP($C2,'_METADATA_TEMPLATE'!$B$2:$H$826,5,FALSE),"") -> 6 | G2: =IFERROR(VLOOKUP($C2,'_METADATA_TEMPLATE'!$B$2:$H$826,6,FALSE),"") -> Nama anggota keluarga | H2: =IFERROR(VLOOKUP($C2,'_METADATA_TEMPLATE'!$B$2:$H$826,7,FALSE),"") -> Variable | I2: =IFERROR(VLOOKUP(C2,'_METADATA_DEFAULT'!$A:$B,2,FALSE),"")
A3: tgr_fd68e454.nested_dtsen | B3: nik_dtsen | C3: nik_dtsen | D3: =IFERROR(VLOOKUP($C3,'_METADATA_TEMPLATE'!$B$2:$H$826,2,FALSE),"") -> 72 | E3: =IFERROR(VLOOKUP($C3,'_METADATA_TEMPLATE'!$B$2:$H$826,4,FALSE),"") -> SE2026 - L BLOK I | F3: =IFERROR(VLOOKUP($C3,'_METADATA_TEMPLATE'!$B$2:$H$826,5,FALSE),"") -> 7 | G3: =IFERROR(VLOOKUP($C3,'_METADATA_TEMPLATE'!$B$2:$H$826,6,FALSE),"") -> Nomor Induk Kependudukan (NIK) $NAME$ (Tulis sesuai yang tercantum di KK atau KTP paling mutakhir) | H3: =IFERROR(VLOOKUP($C3,'_METADATA_TEMPLATE'!$B$2:$H$826,7,FALSE),"") -> Text Input | I3: =IFERROR(VLOOKUP(C3,'_METADATA_DEFAULT'!$A:$B,2,FALSE),"")
A4: tgr_fd68e454.nested_dtsen | B4: hubungan_label | C4: hubungan | D4: =IFERROR(VLOOKUP($C4,'_METADATA_TEMPLATE'!$B$2:$H$826,2,FALSE),"") -> 74 | E4: =IFERROR(VLOOKUP($C4,'_METADATA_TEMPLATE'!$B$2:$H$826,4,FALSE),"") -> SE2026 - L BLOK I | F4: =IFERROR(VLOOKUP($C4,'_METADATA_TEMPLATE'!$B$2:$H$826,5,FALSE),"") -> 8 | G4: =IFERROR(VLOOKUP($C4,'_METADATA_TEMPLATE'!$B$2:$H$826,6,FALSE),"") -> Hubungan $NAME$ dengan Kepala Keluarga | H4: =IFERROR(VLOOKUP($C4,'_METADATA_TEMPLATE'!$B$2:$H$826,7,FALSE),"") -> Radio Group | I4: =IFERROR(VLOOKUP(C4,'_METADATA_DEFAULT'!$A:$B,2,FALSE),"")
A5: tgr_fd68e454.nested_dtsen | B5: hubungan_value | C5: hubungan | D5: =IFERROR(VLOOKUP($C5,'_METADATA_TEMPLATE'!$B$2:$H$826,2,FALSE),"") -> 74 | E5: =IFERROR(VLOOKUP($C5,'_METADATA_TEMPLATE'!$B$2:$H$826,4,FALSE),"") -> SE2026 - L BLOK I | F5: =IFERROR(VLOOKUP($C5,'_METADATA_TEMPLATE'!$B$2:$H$826,5,FALSE),"") -> 8 | G5: =IFERROR(VLOOKUP($C5,'_METADATA_TEMPLATE'!$B$2:$H$826,6,FALSE),"") -> Hubungan $NAME$ dengan Kepala Keluarga | H5: =IFERROR(VLOOKUP($C5,'_METADATA_TEMPLATE'!$B$2:$H$826,7,FALSE),"") -> Radio Group | I5: =IFERROR(VLOOKUP(C5,'_METADATA_DEFAULT'!$A:$B,2,FALSE),"")
A6: tgr_fd68e454.nested_dtsen | B6: keberadaan_dtsen_label | C6: keberadaan_dtsen | D6: =IFERROR(VLOOKUP($C6,'_METADATA_TEMPLATE'!$B$2:$H$826,2,FALSE),"") -> 75 | E6: =IFERROR(VLOOKUP($C6,'_METADATA_TEMPLATE'!$B$2:$H$826,4,FALSE),"") -> SE2026 - L BLOK I | F6: =IFERROR(VLOOKUP($C6,'_METADATA_TEMPLATE'!$B$2:$H$826,5,FALSE),"") -> 9 | G6: =IFERROR(VLOOKUP($C6,'_METADATA_TEMPLATE'!$B$2:$H$826,6,FALSE),"") -> a. Keberadaan (status) anggota keluarga saat ini | H6: =IFERROR(VLOOKUP($C6,'_METADATA_TEMPLATE'!$B$2:$H$826,7,FALSE),"") -> Radio Group | I6: =IFERROR(VLOOKUP(C6,'_METADATA_DEFAULT'!$A:$B,2,FALSE),"")
A7: tgr_fd68e454.nested_dtsen | B7: keberadaan_dtsen_value | C7: keberadaan_dtsen | D7: =IFERROR(VLOOKUP($C7,'_METADATA_TEMPLATE'!$B$2:$H$826,2,FALSE),"") -> 75 | E7: =IFERROR(VLOOKUP($C7,'_METADATA_TEMPLATE'!$B$2:$H$826,4,FALSE),"") -> SE2026 - L BLOK I | F7: =IFERROR(VLOOKUP($C7,'_METADATA_TEMPLATE'!$B$2:$H$826,5,FALSE),"") -> 9 | G7: =IFERROR(VLOOKUP($C7,'_METADATA_TEMPLATE'!$B$2:$H$826,6,FALSE),"") -> a. Keberadaan (status) anggota keluarga saat ini | H7: =IFERROR(VLOOKUP($C7,'_METADATA_TEMPLATE'!$B$2:$H$826,7,FALSE),"") -> Radio Group | I7: =IFERROR(VLOOKUP(C7,'_METADATA_DEFAULT'!$A:$B,2,FALSE),"")
A8: tgr_fd68e454.nested_dtsen | B8: alamat_dn_label | C8: alamat_dn | D8: =IFERROR(VLOOKUP($C8,'_METADATA_TEMPLATE'!$B$2:$H$826,2,FALSE),"") -> 76 | E8: =IFERROR(VLOOKUP($C8,'_METADATA_TEMPLATE'!$B$2:$H$826,4,FALSE),"") -> SE2026 - L BLOK I | F8: =IFERROR(VLOOKUP($C8,'_METADATA_TEMPLATE'!$B$2:$H$826,5,FALSE),"") -> 9 | G8: =IFERROR(VLOOKUP($C8,'_METADATA_TEMPLATE'!$B$2:$H$826,6,FALSE),"") -> b. Alamat domisili: | H8: =IFERROR(VLOOKUP($C8,'_METADATA_TEMPLATE'!$B$2:$H$826,7,FALSE),"") -> Radio Group | I8: =IFERROR(VLOOKUP(C8,'_METADATA_DEFAULT'!$A:$B,2,FALSE),"")
A9: tgr_fd68e454.nested_dtsen | B9: alamat_dn_value | C9: alamat_dn | D9: =IFERROR(VLOOKUP($C9,'_METADATA_TEMPLATE'!$B$2:$H$826,2,FALSE),"") -> 76 | E9: =IFERROR(VLOOKUP($C9,'_METADATA_TEMPLATE'!$B$2:$H$826,4,FALSE),"") -> SE2026 - L BLOK I | F9: =IFERROR(VLOOKUP($C9,'_METADATA_TEMPLATE'!$B$2:$H$826,5,FALSE),"") -> 9 | G9: =IFERROR(VLOOKUP($C9,'_METADATA_TEMPLATE'!$B$2:$H$826,6,FALSE),"") -> b. Alamat domisili: | H9: =IFERROR(VLOOKUP($C9,'_METADATA_TEMPLATE'!$B$2:$H$826,7,FALSE),"") -> Radio Group | I9: =IFERROR(VLOOKUP(C9,'_METADATA_DEFAULT'!$A:$B,2,FALSE),"")
A10: tgr_fd68e454.nested_dtsen | B10: prov_dn_label | C10: prov_dn | D10: =IFERROR(VLOOKUP($C10,'_METADATA_TEMPLATE'!$B$2:$H$826,2,FALSE),"") -> 77 | E10: =IFERROR(VLOOKUP($C10,'_METADATA_TEMPLATE'!$B$2:$H$826,4,FALSE),"") -> SE2026 - L BLOK I | F10: =IFERROR(VLOOKUP($C10,'_METADATA_TEMPLATE'!$B$2:$H$826,5,FALSE),"") -> a | G10: =IFERROR(VLOOKUP($C10,'_METADATA_TEMPLATE'!$B$2:$H$826,6,FALSE),"") -> Provinsi | H10: =IFERROR(VLOOKUP($C10,'_METADATA_TEMPLATE'!$B$2:$H$826,7,FALSE),"") -> Select | I10: =IFERROR(VLOOKUP(C10,'_METADATA_DEFAULT'!$A:$B,2,FALSE),"")
A11: tgr_fd68e454.nested_dtsen | B11: prov_dn_value | C11: prov_dn | D11: =IFERROR(VLOOKUP($C11,'_METADATA_TEMPLATE'!$B$2:$H$826,2,FALSE),"") -> 77 | E11: =IFERROR(VLOOKUP($C11,'_METADATA_TEMPLATE'!$B$2:$H$826,4,FALSE),"") -> SE2026 - L BLOK I | F11: =IFERROR(VLOOKUP($C11,'_METADATA_TEMPLATE'!$B$2:$H$826,5,FALSE),"") -> a | G11: =IFERROR(VLOOKUP($C11,'_METADATA_TEMPLATE'!$B$2:$H$826,6,FALSE),"") -> Provinsi | H11: =IFERROR(VLOOKUP($C11,'_METADATA_TEMPLATE'!$B$2:$H$826,7,FALSE),"") -> Select | I11: =IFERROR(VLOOKUP(C11,'_METADATA_DEFAULT'!$A:$B,2,FALSE),"")
A12: tgr_fd68e454.nested_dtsen | B12: kab_dn_label | C12: kab_dn | D12: =IFERROR(VLOOKUP($C12,'_METADATA_TEMPLATE'!$B$2:$H$826,2,FALSE),"") -> 78 | E12: =IFERROR(VLOOKUP($C12,'_METADATA_TEMPLATE'!$B$2:$H$826,4,FALSE),"") -> SE2026 - L BLOK I | F12: =IFERROR(VLOOKUP($C12,'_METADATA_TEMPLATE'!$B$2:$H$826,5,FALSE),"") -> b | G12: =IFERROR(VLOOKUP($C12,'_METADATA_TEMPLATE'!$B$2:$H$826,6,FALSE),"") -> Kabupaten/Kota | H12: =IFERROR(VLOOKUP($C12,'_METADATA_TEMPLATE'!$B$2:$H$826,7,FALSE),"") -> Select | I12: =IFERROR(VLOOKUP(C12,'_METADATA_DEFAULT'!$A:$B,2,FALSE),"")
A13: tgr_fd68e454.nested_dtsen | B13: kab_dn_value | C13: kab_dn | D13: =IFERROR(VLOOKUP($C13,'_METADATA_TEMPLATE'!$B$2:$H$826,2,FALSE),"") -> 78 | E13: =IFERROR(VLOOKUP($C13,'_METADATA_TEMPLATE'!$B$2:$H$826,4,FALSE),"") -> SE2026 - L BLOK I | F13: =IFERROR(VLOOKUP($C13,'_METADATA_TEMPLATE'!$B$2:$H$826,5,FALSE),"") -> b | G13: =IFERROR(VLOOKUP($C13,'_METADATA_TEMPLATE'!$B$2:$H$826,6,FALSE),"") -> Kabupaten/Kota | H13: =IFERROR(VLOOKUP($C13,'_METADATA_TEMPLATE'!$B$2:$H$826,7,FALSE),"") -> Select | I13: =IFERROR(VLOOKUP(C13,'_METADATA_DEFAULT'!$A:$B,2,FALSE),"")
... A71: tgr_fd68e454.nested_dtsen | B71: survey_period_name | C71: survey_period_name | D71: =IFERROR(VLOOKUP($C71,'_METADATA_TEMPLATE'!$B$2:$H$826,2,FALSE),"") | E71: =IFERROR(VLOOKUP($C71,'_METADATA_TEMPLATE'!$B$2:$H$826,4,FALSE),"") | F71: =IFERROR(VLOOKUP($C71,'_METADATA_TEMPLATE'!$B$2:$H$826,5,FALSE),"") | G71: =IFERROR(VLOOKUP($C71,'_METADATA_TEMPLATE'!$B$2:$H$826,6,FALSE),"") | H71: =IFERROR(VLOOKUP($C71,'_METADATA_TEMPLATE'!$B$2:$H$826,7,FALSE),"") | I71: =IFERROR(VLOOKUP(C71,'_METADATA_DEFAULT'!$A:$B,2,FALSE),"")

Sheet tgr_fd68e454.nested_dtsen_var
A1: Tabel | B1: Kolom | C1: DataKey | D1: Urutan | E1: Blok | F1: Nomor Rincian | G1: Label | H1: Tipe | I1: Keterangan
A2: tgr_fd68e454.nested_dtsen_var | B2: no_urut_kk_var | C2: no_urut_kk_var | D2: =IFERROR(VLOOKUP($C2,'_METADATA_TEMPLATE'!$B$2:$H$826,2,FALSE),"") -> 270 | E2: =IFERROR(VLOOKUP($C2,'_METADATA_TEMPLATE'!$B$2:$H$826,4,FALSE),"") -> SE2026 - L BLOK III | F2: =IFERROR(VLOOKUP($C2,'_METADATA_TEMPLATE'!$B$2:$H$826,5,FALSE),"") | G2: =IFERROR(VLOOKUP($C2,'_METADATA_TEMPLATE'!$B$2:$H$826,6,FALSE),"") -> Nomor urut anggota keluarga | H2: =IFERROR(VLOOKUP($C2,'_METADATA_TEMPLATE'!$B$2:$H$826,7,FALSE),"") -> Variable | I2: =IFERROR(VLOOKUP(C2,'_METADATA_DEFAULT'!$A:$B,2,FALSE),"")
A3: tgr_fd68e454.nested_dtsen_var | B3: nama_dtsen_var | C3: nama_dtsen_var | D3: =IFERROR(VLOOKUP($C3,'_METADATA_TEMPLATE'!$B$2:$H$826,2,FALSE),"") -> 271 | E3: =IFERROR(VLOOKUP($C3,'_METADATA_TEMPLATE'!$B$2:$H$826,4,FALSE),"") -> SE2026 - L BLOK III | F3: =IFERROR(VLOOKUP($C3,'_METADATA_TEMPLATE'!$B$2:$H$826,5,FALSE),"") | G3: =IFERROR(VLOOKUP($C3,'_METADATA_TEMPLATE'!$B$2:$H$826,6,FALSE),"") -> Nama anggota keluarga | H3: =IFERROR(VLOOKUP($C3,'_METADATA_TEMPLATE'!$B$2:$H$826,7,FALSE),"") -> Variable | I3: =IFERROR(VLOOKUP(C3,'_METADATA_DEFAULT'!$A:$B,2,FALSE),"")
A4: tgr_fd68e454.nested_dtsen_var | B4: sekolah_label | C4: sekolah | D4: =IFERROR(VLOOKUP($C4,'_METADATA_TEMPLATE'!$B$2:$H$826,2,FALSE),"") -> 272 | E4: =IFERROR(VLOOKUP($C4,'_METADATA_TEMPLATE'!$B$2:$H$826,4,FALSE),"") -> SE2026 - L BLOK III | F4: =IFERROR(VLOOKUP($C4,'_METADATA_TEMPLATE'!$B$2:$H$826,5,FALSE),"") -> 14 | G4: =IFERROR(VLOOKUP($C4,'_METADATA_TEMPLATE'!$B$2:$H$826,6,FALSE),"") -> Partisipasi sekolah $NAME$ | H4: =IFERROR(VLOOKUP($C4,'_METADATA_TEMPLATE'!$B$2:$H$826,7,FALSE),"") -> Radio Group | I4: =IFERROR(VLOOKUP(C4,'_METADATA_DEFAULT'!$A:$B,2,FALSE),"")
A5: tgr_fd68e454.nested_dtsen_var | B5: sekolah_value | C5: sekolah | D5: =IFERROR(VLOOKUP($C5,'_METADATA_TEMPLATE'!$B$2:$H$826,2,FALSE),"") -> 272 | E5: =IFERROR(VLOOKUP($C5,'_METADATA_TEMPLATE'!$B$2:$H$826,4,FALSE),"") -> SE2026 - L BLOK III | F5: =IFERROR(VLOOKUP($C5,'_METADATA_TEMPLATE'!$B$2:$H$826,5,FALSE),"") -> 14 | G5: =IFERROR(VLOOKUP($C5,'_METADATA_TEMPLATE'!$B$2:$H$826,6,FALSE),"") -> Partisipasi sekolah $NAME$ | H5: =IFERROR(VLOOKUP($C5,'_METADATA_TEMPLATE'!$B$2:$H$826,7,FALSE),"") -> Radio Group | I5: =IFERROR(VLOOKUP(C5,'_METADATA_DEFAULT'!$A:$B,2,FALSE),"")
A6: tgr_fd68e454.nested_dtsen_var | B6: ijazah_label | C6: ijazah | D6: =IFERROR(VLOOKUP($C6,'_METADATA_TEMPLATE'!$B$2:$H$826,2,FALSE),"") -> 273 | E6: =IFERROR(VLOOKUP($C6,'_METADATA_TEMPLATE'!$B$2:$H$826,4,FALSE),"") -> SE2026 - L BLOK III | F6: =IFERROR(VLOOKUP($C6,'_METADATA_TEMPLATE'!$B$2:$H$826,5,FALSE),"") -> 15 | G6: =IFERROR(VLOOKUP($C6,'_METADATA_TEMPLATE'!$B$2:$H$826,6,FALSE),"") -> Ijazah/STTB tertinggi yang dimiliki $NAME$ (usia 5 tahun ke atas) Ijazah/STTB tertinggi di prelist: $ijazah | H6: =IFERROR(VLOOKUP($C6,'_METADATA_TEMPLATE'!$B$2:$H$826,7,FALSE),"") -> Radio Group | I6: =IFERROR(VLOOKUP(C6,'_METADATA_DEFAULT'!$A:$B,2,FALSE),"")
A7: tgr_fd68e454.nested_dtsen_var | B7: ijazah_value | C7: ijazah | D7: =IFERROR(VLOOKUP($C7,'_METADATA_TEMPLATE'!$B$2:$H$826,2,FALSE),"") -> 273 | E7: =IFERROR(VLOOKUP($C7,'_METADATA_TEMPLATE'!$B$2:$H$826,4,FALSE),"") -> SE2026 - L BLOK III | F7: =IFERROR(VLOOKUP($C7,'_METADATA_TEMPLATE'!$B$2:$H$826,5,FALSE),"") -> 15 | G7: =IFERROR(VLOOKUP($C7,'_METADATA_TEMPLATE'!$B$2:$H$826,6,FALSE),"") -> Ijazah/STTB tertinggi yang dimiliki $NAME$ (usia 5 tahun ke atas) Ijazah/STTB tertinggi di prelist: $ijazah | H7: =IFERROR(VLOOKUP($C7,'_METADATA_TEMPLATE'!$B$2:$H$826,7,FALSE),"") -> Radio Group | I7: =IFERROR(VLOOKUP(C7,'_METADATA_DEFAULT'!$A:$B,2,FALSE),"")
A8: tgr_fd68e454.nested_dtsen_var | B8: profesi_label | C8: profesi | D8: =IFERROR(VLOOKUP($C8,'_METADATA_TEMPLATE'!$B$2:$H$826,2,FALSE),"") -> 274 | E8: =IFERROR(VLOOKUP($C8,'_METADATA_TEMPLATE'!$B$2:$H$826,4,FALSE),"") -> SE2026 - L BLOK III | F8: =IFERROR(VLOOKUP($C8,'_METADATA_TEMPLATE'!$B$2:$H$826,5,FALSE),"") -> 16 | G8: =IFERROR(VLOOKUP($C8,'_METADATA_TEMPLATE'!$B$2:$H$826,6,FALSE),"") -> Profesi Pekerjaan Utama $NAME$ (usia 10 tahun ke atas) | H8: =IFERROR(VLOOKUP($C8,'_METADATA_TEMPLATE'!$B$2:$H$826,7,FALSE),"") -> Select | I8: =IFERROR(VLOOKUP(C8,'_METADATA_DEFAULT'!$A:$B,2,FALSE),"")
A9: tgr_fd68e454.nested_dtsen_var | B9: profesi_value | C9: profesi | D9: =IFERROR(VLOOKUP($C9,'_METADATA_TEMPLATE'!$B$2:$H$826,2,FALSE),"") -> 274 | E9: =IFERROR(VLOOKUP($C9,'_METADATA_TEMPLATE'!$B$2:$H$826,4,FALSE),"") -> SE2026 - L BLOK III | F9: =IFERROR(VLOOKUP($C9,'_METADATA_TEMPLATE'!$B$2:$H$826,5,FALSE),"") -> 16 | G9: =IFERROR(VLOOKUP($C9,'_METADATA_TEMPLATE'!$B$2:$H$826,6,FALSE),"") -> Profesi Pekerjaan Utama $NAME$ (usia 10 tahun ke atas) | H9: =IFERROR(VLOOKUP($C9,'_METADATA_TEMPLATE'!$B$2:$H$826,7,FALSE),"") -> Select | I9: =IFERROR(VLOOKUP(C9,'_METADATA_DEFAULT'!$A:$B,2,FALSE),"")
A10: tgr_fd68e454.nested_dtsen_var | B10: profesi_lainnya | C10: profesi_lainnya | D10: =IFERROR(VLOOKUP($C10,'_METADATA_TEMPLATE'!$B$2:$H$826,2,FALSE),"") -> 275 | E10: =IFERROR(VLOOKUP($C10,'_METADATA_TEMPLATE'!$B$2:$H$826,4,FALSE),"") -> SE2026 - L BLOK III | F10: =IFERROR(VLOOKUP($C10,'_METADATA_TEMPLATE'!$B$2:$H$826,5,FALSE),"") | G10: =IFERROR(VLOOKUP($C10,'_METADATA_TEMPLATE'!$B$2:$H$826,6,FALSE),"") -> Profesi Pekerjaan Utama lainnya: | H10: =IFERROR(VLOOKUP($C10,'_METADATA_TEMPLATE'!$B$2:$H$826,7,FALSE),"") -> Text Input | I10: =IFERROR(VLOOKUP(C10,'_METADATA_DEFAULT'!$A:$B,2,FALSE),"")
A11: tgr_fd68e454.nested_dtsen_var | B11: status_kerja_label | C11: status_kerja | D11: =IFERROR(VLOOKUP($C11,'_METADATA_TEMPLATE'!$B$2:$H$826,2,FALSE),"") -> 276 | E11: =IFERROR(VLOOKUP($C11,'_METADATA_TEMPLATE'!$B$2:$H$826,4,FALSE),"") -> SE2026 - L BLOK III | F11: =IFERROR(VLOOKUP($C11,'_METADATA_TEMPLATE'!$B$2:$H$826,5,FALSE),"") -> 17 | G11: =IFERROR(VLOOKUP($C11,'_METADATA_TEMPLATE'!$B$2:$H$826,6,FALSE),"") -> Status Kedudukan Dalam Pekerjaan Utama $NAME$ | H11: =IFERROR(VLOOKUP($C11,'_METADATA_TEMPLATE'!$B$2:$H$826,7,FALSE),"") -> Radio Group | I11: =IFERROR(VLOOKUP(C11,'_METADATA_DEFAULT'!$A:$B,2,FALSE),"")
A12: tgr_fd68e454.nested_dtsen_var | B12: status_kerja_value | C12: status_kerja | D12: =IFERROR(VLOOKUP($C12,'_METADATA_TEMPLATE'!$B$2:$H$826,2,FALSE),"") -> 276 | E12: =IFERROR(VLOOKUP($C12,'_METADATA_TEMPLATE'!$B$2:$H$826,4,FALSE),"") -> SE2026 - L BLOK III | F12: =IFERROR(VLOOKUP($C12,'_METADATA_TEMPLATE'!$B$2:$H$826,5,FALSE),"") -> 17 | G12: =IFERROR(VLOOKUP($C12,'_METADATA_TEMPLATE'!$B$2:$H$826,6,FALSE),"") -> Status Kedudukan Dalam Pekerjaan Utama $NAME$ | H12: =IFERROR(VLOOKUP($C12,'_METADATA_TEMPLATE'!$B$2:$H$826,7,FALSE),"") -> Radio Group | I12: =IFERROR(VLOOKUP(C12,'_METADATA_DEFAULT'!$A:$B,2,FALSE),"")
A13: tgr_fd68e454.nested_dtsen_var | B13: pendapatan_pekerjaan_label | C13: pendapatan_pekerjaan | D13: =IFERROR(VLOOKUP($C13,'_METADATA_TEMPLATE'!$B$2:$H$826,2,FALSE),"") -> 277 | E13: =IFERROR(VLOOKUP($C13,'_METADATA_TEMPLATE'!$B$2:$H$826,4,FALSE),"") -> SE2026 - L BLOK III | F13: =IFERROR(VLOOKUP($C13,'_METADATA_TEMPLATE'!$B$2:$H$826,5,FALSE),"") -> 18 | G13: =IFERROR(VLOOKUP($C13,'_METADATA_TEMPLATE'!$B$2:$H$826,6,FALSE),"") -> a. Pendapatan dari pekerjaan baik berupa uang maupun barang/jasa (gaji, tunjangan, uang makan, honor, lembur, dll) | H13: =IFERROR(VLOOKUP($C13,'_METADATA_TEMPLATE'!$B$2:$H$826,7,FALSE),"") -> Radio Group | I13: =IFERROR(VLOOKUP(C13,'_METADATA_DEFAULT'!$A:$B,2,FALSE),"")
... A121: tgr_fd68e454.nested_dtsen_var | B121: survey_period_name | C121: survey_period_name | D121: =IFERROR(VLOOKUP($C121,'_METADATA_TEMPLATE'!$B$2:$H$826,2,FALSE),"") | E121: =IFERROR(VLOOKUP($C121,'_METADATA_TEMPLATE'!$B$2:$H$826,4,FALSE),"") | F121: =IFERROR(VLOOKUP($C121,'_METADATA_TEMPLATE'!$B$2:$H$826,5,FALSE),"") | G121: =IFERROR(VLOOKUP($C121,'_METADATA_TEMPLATE'!$B$2:$H$826,6,FALSE),"") | H121: =IFERROR(VLOOKUP($C121,'_METADATA_TEMPLATE'!$B$2:$H$826,7,FALSE),"") | I121: =IFERROR(VLOOKUP(C121,'_METADATA_DEFAULT'!$A:$B,2,FALSE),"")

Sheet tgr_fd68e454.nested_meteran
A1: Tabel | B1: Kolom | C1: DataKey | D1: Urutan | E1: Blok | F1: Nomor Rincian | G1: Label | H1: Tipe | I1: Keterangan
A2: tgr_fd68e454.nested_meteran | B2: urutan_meteran_lain | C2: urutan_meteran_lain | D2: =IFERROR(VLOOKUP($C2,'_METADATA_TEMPLATE'!$B$2:$H$826,2,FALSE),"") -> 367 | E2: =IFERROR(VLOOKUP($C2,'_METADATA_TEMPLATE'!$B$2:$H$826,4,FALSE),"") -> SE2026 - L BLOK IV | F2: =IFERROR(VLOOKUP($C2,'_METADATA_TEMPLATE'!$B$2:$H$826,5,FALSE),"") | G2: =IFERROR(VLOOKUP($C2,'_METADATA_TEMPLATE'!$B$2:$H$826,6,FALSE),"") -> Meteran ke- | H2: =IFERROR(VLOOKUP($C2,'_METADATA_TEMPLATE'!$B$2:$H$826,7,FALSE),"") -> Variable | I2: =IFERROR(VLOOKUP(C2,'_METADATA_DEFAULT'!$A:$B,2,FALSE),"")
A3: tgr_fd68e454.nested_meteran | B3: daya_terpasang_label | C3: daya_terpasang | D3: =IFERROR(VLOOKUP($C3,'_METADATA_TEMPLATE'!$B$2:$H$826,2,FALSE),"") -> 368 | E3: =IFERROR(VLOOKUP($C3,'_METADATA_TEMPLATE'!$B$2:$H$826,4,FALSE),"") -> SE2026 - L BLOK IV | F3: =IFERROR(VLOOKUP($C3,'_METADATA_TEMPLATE'!$B$2:$H$826,5,FALSE),"") -> 14 | G3: =IFERROR(VLOOKUP($C3,'_METADATA_TEMPLATE'!$B$2:$H$826,6,FALSE),"") -> b. Berapa daya yang terpasang di rumah ini? | H3: =IFERROR(VLOOKUP($C3,'_METADATA_TEMPLATE'!$B$2:$H$826,7,FALSE),"") -> Radio Group | I3: =IFERROR(VLOOKUP(C3,'_METADATA_DEFAULT'!$A:$B,2,FALSE),"")
A4: tgr_fd68e454.nested_meteran | B4: daya_terpasang_value | C4: daya_terpasang | D4: =IFERROR(VLOOKUP($C4,'_METADATA_TEMPLATE'!$B$2:$H$826,2,FALSE),"") -> 368 | E4: =IFERROR(VLOOKUP($C4,'_METADATA_TEMPLATE'!$B$2:$H$826,4,FALSE),"") -> SE2026 - L BLOK IV | F4: =IFERROR(VLOOKUP($C4,'_METADATA_TEMPLATE'!$B$2:$H$826,5,FALSE),"") -> 14 | G4: =IFERROR(VLOOKUP($C4,'_METADATA_TEMPLATE'!$B$2:$H$826,6,FALSE),"") -> b. Berapa daya yang terpasang di rumah ini? | H4: =IFERROR(VLOOKUP($C4,'_METADATA_TEMPLATE'!$B$2:$H$826,7,FALSE),"") -> Radio Group | I4: =IFERROR(VLOOKUP(C4,'_METADATA_DEFAULT'!$A:$B,2,FALSE),"")
A5: tgr_fd68e454.nested_meteran | B5: id_pln_pilih_label | C5: id_pln_pilih | D5: =IFERROR(VLOOKUP($C5,'_METADATA_TEMPLATE'!$B$2:$H$826,2,FALSE),"") -> 369 | E5: =IFERROR(VLOOKUP($C5,'_METADATA_TEMPLATE'!$B$2:$H$826,4,FALSE),"") -> SE2026 - L BLOK IV | F5: =IFERROR(VLOOKUP($C5,'_METADATA_TEMPLATE'!$B$2:$H$826,5,FALSE),"") -> 14 | G5: =IFERROR(VLOOKUP($C5,'_METADATA_TEMPLATE'!$B$2:$H$826,6,FALSE),"") -> c. Sebutkan ID Pelanggan PLN atau Nomor Meteran | H5: =IFERROR(VLOOKUP($C5,'_METADATA_TEMPLATE'!$B$2:$H$826,7,FALSE),"") -> Radio Group | I5: =IFERROR(VLOOKUP(C5,'_METADATA_DEFAULT'!$A:$B,2,FALSE),"")
A6: tgr_fd68e454.nested_meteran | B6: id_pln_pilih_value | C6: id_pln_pilih | D6: =IFERROR(VLOOKUP($C6,'_METADATA_TEMPLATE'!$B$2:$H$826,2,FALSE),"") -> 369 | E6: =IFERROR(VLOOKUP($C6,'_METADATA_TEMPLATE'!$B$2:$H$826,4,FALSE),"") -> SE2026 - L BLOK IV | F6: =IFERROR(VLOOKUP($C6,'_METADATA_TEMPLATE'!$B$2:$H$826,5,FALSE),"") -> 14 | G6: =IFERROR(VLOOKUP($C6,'_METADATA_TEMPLATE'!$B$2:$H$826,6,FALSE),"") -> c. Sebutkan ID Pelanggan PLN atau Nomor Meteran | H6: =IFERROR(VLOOKUP($C6,'_METADATA_TEMPLATE'!$B$2:$H$826,7,FALSE),"") -> Radio Group | I6: =IFERROR(VLOOKUP(C6,'_METADATA_DEFAULT'!$A:$B,2,FALSE),"")
A7: tgr_fd68e454.nested_meteran | B7: id_pelanggan | C7: id_pelanggan | D7: =IFERROR(VLOOKUP($C7,'_METADATA_TEMPLATE'!$B$2:$H$826,2,FALSE),"") -> 370 | E7: =IFERROR(VLOOKUP($C7,'_METADATA_TEMPLATE'!$B$2:$H$826,4,FALSE),"") -> SE2026 - L BLOK IV | F7: =IFERROR(VLOOKUP($C7,'_METADATA_TEMPLATE'!$B$2:$H$826,5,FALSE),"") | G7: =IFERROR(VLOOKUP($C7,'_METADATA_TEMPLATE'!$B$2:$H$826,6,FALSE),"") -> ID Pelanggan PLN | H7: =IFERROR(VLOOKUP($C7,'_METADATA_TEMPLATE'!$B$2:$H$826,7,FALSE),"") -> Text Input | I7: =IFERROR(VLOOKUP(C7,'_METADATA_DEFAULT'!$A:$B,2,FALSE),"")
A8: tgr_fd68e454.nested_meteran | B8: no_meteran | C8: no_meteran | D8: =IFERROR(VLOOKUP($C8,'_METADATA_TEMPLATE'!$B$2:$H$826,2,FALSE),"") -> 372 | E8: =IFERROR(VLOOKUP($C8,'_METADATA_TEMPLATE'!$B$2:$H$826,4,FALSE),"") -> SE2026 - L BLOK IV | F8: =IFERROR(VLOOKUP($C8,'_METADATA_TEMPLATE'!$B$2:$H$826,5,FALSE),"") | G8: =IFERROR(VLOOKUP($C8,'_METADATA_TEMPLATE'!$B$2:$H$826,6,FALSE),"") -> Nomor Meteran | H8: =IFERROR(VLOOKUP($C8,'_METADATA_TEMPLATE'!$B$2:$H$826,7,FALSE),"") -> Text Input | I8: =IFERROR(VLOOKUP(C8,'_METADATA_DEFAULT'!$A:$B,2,FALSE),"")
A9: tgr_fd68e454.nested_meteran | B9: hasilCekIdPel | C9: hasilCekIdPel | D9: =IFERROR(VLOOKUP($C9,'_METADATA_TEMPLATE'!$B$2:$H$826,2,FALSE),"") -> 560 | E9: =IFERROR(VLOOKUP($C9,'_METADATA_TEMPLATE'!$B$2:$H$826,4,FALSE),"") | F9: =IFERROR(VLOOKUP($C9,'_METADATA_TEMPLATE'!$B$2:$H$826,5,FALSE),"") | G9: =IFERROR(VLOOKUP($C9,'_METADATA_TEMPLATE'!$B$2:$H$826,6,FALSE),"") -> ​ | H9: =IFERROR(VLOOKUP($C9,'_METADATA_TEMPLATE'!$B$2:$H$826,7,FALSE),"") -> Variable | I9: =IFERROR(VLOOKUP(C9,'_METADATA_DEFAULT'!$A:$B,2,FALSE),"")
A10: tgr_fd68e454.nested_meteran | B10: hasilCekMeteran | C10: hasilCekMeteran | D10: =IFERROR(VLOOKUP($C10,'_METADATA_TEMPLATE'!$B$2:$H$826,2,FALSE),"") -> 569 | E10: =IFERROR(VLOOKUP($C10,'_METADATA_TEMPLATE'!$B$2:$H$826,4,FALSE),"") | F10: =IFERROR(VLOOKUP($C10,'_METADATA_TEMPLATE'!$B$2:$H$826,5,FALSE),"") | G10: =IFERROR(VLOOKUP($C10,'_METADATA_TEMPLATE'!$B$2:$H$826,6,FALSE),"") -> ​ | H10: =IFERROR(VLOOKUP($C10,'_METADATA_TEMPLATE'!$B$2:$H$826,7,FALSE),"") -> Variable | I10: =IFERROR(VLOOKUP(C10,'_METADATA_DEFAULT'!$A:$B,2,FALSE),"")
A11: tgr_fd68e454.nested_meteran | B11: assignment_id | C11: assignment_id | D11: =IFERROR(VLOOKUP($C11,'_METADATA_TEMPLATE'!$B$2:$H$826,2,FALSE),"") | E11: =IFERROR(VLOOKUP($C11,'_METADATA_TEMPLATE'!$B$2:$H$826,4,FALSE),"") | F11: =IFERROR(VLOOKUP($C11,'_METADATA_TEMPLATE'!$B$2:$H$826,5,FALSE),"") | G11: =IFERROR(VLOOKUP($C11,'_METADATA_TEMPLATE'!$B$2:$H$826,6,FALSE),"") | H11: =IFERROR(VLOOKUP($C11,'_METADATA_TEMPLATE'!$B$2:$H$826,7,FALSE),"") | I11: =IFERROR(VLOOKUP(C11,'_METADATA_DEFAULT'!$A:$B,2,FALSE),"") -> ID Assignment
A12: tgr_fd68e454.nested_meteran | B12: index1 | C12: index1 | D12: =IFERROR(VLOOKUP($C12,'_METADATA_TEMPLATE'!$B$2:$H$826,2,FALSE),"") | E12: =IFERROR(VLOOKUP($C12,'_METADATA_TEMPLATE'!$B$2:$H$826,4,FALSE),"") | F12: =IFERROR(VLOOKUP($C12,'_METADATA_TEMPLATE'!$B$2:$H$826,5,FALSE),"") | G12: =IFERROR(VLOOKUP($C12,'_METADATA_TEMPLATE'!$B$2:$H$826,6,FALSE),"") | H12: =IFERROR(VLOOKUP($C12,'_METADATA_TEMPLATE'!$B$2:$H$826,7,FALSE),"") | I12: =IFERROR(VLOOKUP(C12,'_METADATA_DEFAULT'!$A:$B,2,FALSE),"") -> ID Roster/Nested Level 1
A13: tgr_fd68e454.nested_meteran | B13: level_1_full_code | C13: level_1_full_code | D13: =IFERROR(VLOOKUP($C13,'_METADATA_TEMPLATE'!$B$2:$H$826,2,FALSE),"") | E13: =IFERROR(VLOOKUP($C13,'_METADATA_TEMPLATE'!$B$2:$H$826,4,FALSE),"") | F13: =IFERROR(VLOOKUP($C13,'_METADATA_TEMPLATE'!$B$2:$H$826,5,FALSE),"") | G13: =IFERROR(VLOOKUP($C13,'_METADATA_TEMPLATE'!$B$2:$H$826,6,FALSE),"") | H13: =IFERROR(VLOOKUP($C13,'_METADATA_TEMPLATE'!$B$2:$H$826,7,FALSE),"") | I13: =IFERROR(VLOOKUP(C13,'_METADATA_DEFAULT'!$A:$B,2,FALSE),"") -> Kode Lengkap Provinsi
... A51: tgr_fd68e454.nested_meteran | B51: survey_period_name | C51: survey_period_name | D51: =IFERROR(VLOOKUP($C51,'_METADATA_TEMPLATE'!$B$2:$H$826,2,FALSE),"") | E51: =IFERROR(VLOOKUP($C51,'_METADATA_TEMPLATE'!$B$2:$H$826,4,FALSE),"") | F51: =IFERROR(VLOOKUP($C51,'_METADATA_TEMPLATE'!$B$2:$H$826,5,FALSE),"") | G51: =IFERROR(VLOOKUP($C51,'_METADATA_TEMPLATE'!$B$2:$H$826,6,FALSE),"") | H51: =IFERROR(VLOOKUP($C51,'_METADATA_TEMPLATE'!$B$2:$H$826,7,FALSE),"") | I51: =IFERROR(VLOOKUP(C51,'_METADATA_DEFAULT'!$A:$B,2,FALSE),"")

Sheet tgr_fd68e454.pair_label_value_0
A1: Tabel | B1: Kolom | C1: DataKey | D1: Urutan | E1: Blok | F1: Nomor Rincian | G1: Label | H1: Tipe | I1: Keterangan
A2: tgr_fd68e454.pair_label_value_0 | B2: assignment_id | C2: assignment_id | D2: =IFERROR(VLOOKUP($C2,'_METADATA_TEMPLATE'!$B$2:$H$826,2,FALSE),"") | E2: =IFERROR(VLOOKUP($C2,'_METADATA_TEMPLATE'!$B$2:$H$826,4,FALSE),"") | F2: =IFERROR(VLOOKUP($C2,'_METADATA_TEMPLATE'!$B$2:$H$826,5,FALSE),"") | G2: =IFERROR(VLOOKUP($C2,'_METADATA_TEMPLATE'!$B$2:$H$826,6,FALSE),"") | H2: =IFERROR(VLOOKUP($C2,'_METADATA_TEMPLATE'!$B$2:$H$826,7,FALSE),"") | I2: =IFERROR(VLOOKUP(C2,'_METADATA_DEFAULT'!$A:$B,2,FALSE),"") -> ID Assignment
A3: tgr_fd68e454.pair_label_value_0 | B3: level_1_full_code | C3: level_1_full_code | D3: =IFERROR(VLOOKUP($C3,'_METADATA_TEMPLATE'!$B$2:$H$826,2,FALSE),"") | E3: =IFERROR(VLOOKUP($C3,'_METADATA_TEMPLATE'!$B$2:$H$826,4,FALSE),"") | F3: =IFERROR(VLOOKUP($C3,'_METADATA_TEMPLATE'!$B$2:$H$826,5,FALSE),"") | G3: =IFERROR(VLOOKUP($C3,'_METADATA_TEMPLATE'!$B$2:$H$826,6,FALSE),"") | H3: =IFERROR(VLOOKUP($C3,'_METADATA_TEMPLATE'!$B$2:$H$826,7,FALSE),"") | I3: =IFERROR(VLOOKUP(C3,'_METADATA_DEFAULT'!$A:$B,2,FALSE),"") -> Kode Lengkap Provinsi
A4: tgr_fd68e454.pair_label_value_0 | B4: level_2_full_code | C4: level_2_full_code | D4: =IFERROR(VLOOKUP($C4,'_METADATA_TEMPLATE'!$B$2:$H$826,2,FALSE),"") | E4: =IFERROR(VLOOKUP($C4,'_METADATA_TEMPLATE'!$B$2:$H$826,4,FALSE),"") | F4: =IFERROR(VLOOKUP($C4,'_METADATA_TEMPLATE'!$B$2:$H$826,5,FALSE),"") | G4: =IFERROR(VLOOKUP($C4,'_METADATA_TEMPLATE'!$B$2:$H$826,6,FALSE),"") | H4: =IFERROR(VLOOKUP($C4,'_METADATA_TEMPLATE'!$B$2:$H$826,7,FALSE),"") | I4: =IFERROR(VLOOKUP(C4,'_METADATA_DEFAULT'!$A:$B,2,FALSE),"") -> Kode Lengkap Kabupaten/Kota
A5: tgr_fd68e454.pair_label_value_0 | B5: assignment_date_modified | C5: assignment_date_modified | D5: =IFERROR(VLOOKUP($C5,'_METADATA_TEMPLATE'!$B$2:$H$826,2,FALSE),"") | E5: =IFERROR(VLOOKUP($C5,'_METADATA_TEMPLATE'!$B$2:$H$826,4,FALSE),"") | F5: =IFERROR(VLOOKUP($C5,'_METADATA_TEMPLATE'!$B$2:$H$826,5,FALSE),"") | G5: =IFERROR(VLOOKUP($C5,'_METADATA_TEMPLATE'!$B$2:$H$826,6,FALSE),"") | H5: =IFERROR(VLOOKUP($C5,'_METADATA_TEMPLATE'!$B$2:$H$826,7,FALSE),"") | I5: =IFERROR(VLOOKUP(C5,'_METADATA_DEFAULT'!$A:$B,2,FALSE),"") -> Tanggal Assignment Terakhir Diubah
A6: tgr_fd68e454.pair_label_value_0 | B6: assignment_id_timestamp | C6: assignment_id_timestamp | D6: =IFERROR(VLOOKUP($C6,'_METADATA_TEMPLATE'!$B$2:$H$826,2,FALSE),"") | E6: =IFERROR(VLOOKUP($C6,'_METADATA_TEMPLATE'!$B$2:$H$826,4,FALSE),"") | F6: =IFERROR(VLOOKUP($C6,'_METADATA_TEMPLATE'!$B$2:$H$826,5,FALSE),"") | G6: =IFERROR(VLOOKUP($C6,'_METADATA_TEMPLATE'!$B$2:$H$826,6,FALSE),"") | H6: =IFERROR(VLOOKUP($C6,'_METADATA_TEMPLATE'!$B$2:$H$826,7,FALSE),"") | I6: =IFERROR(VLOOKUP(C6,'_METADATA_DEFAULT'!$A:$B,2,FALSE),"") -> ID Assignment + Timestamp
A7: tgr_fd68e454.pair_label_value_0 | B7: assignment_listing | C7: assignment_listing | D7: =IFERROR(VLOOKUP($C7,'_METADATA_TEMPLATE'!$B$2:$H$826,2,FALSE),"") | E7: =IFERROR(VLOOKUP($C7,'_METADATA_TEMPLATE'!$B$2:$H$826,4,FALSE),"") | F7: =IFERROR(VLOOKUP($C7,'_METADATA_TEMPLATE'!$B$2:$H$826,5,FALSE),"") | G7: =IFERROR(VLOOKUP($C7,'_METADATA_TEMPLATE'!$B$2:$H$826,6,FALSE),"") | H7: =IFERROR(VLOOKUP($C7,'_METADATA_TEMPLATE'!$B$2:$H$826,7,FALSE),"") | I7: =IFERROR(VLOOKUP(C7,'_METADATA_DEFAULT'!$A:$B,2,FALSE),"") -> 1 = Assignment Tambahan, 0 = Assignment Prelist
A8: tgr_fd68e454.pair_label_value_0 | B8: assignment_status_alias | C8: assignment_status_alias | D8: =IFERROR(VLOOKUP($C8,'_METADATA_TEMPLATE'!$B$2:$H$826,2,FALSE),"") | E8: =IFERROR(VLOOKUP($C8,'_METADATA_TEMPLATE'!$B$2:$H$826,4,FALSE),"") | F8: =IFERROR(VLOOKUP($C8,'_METADATA_TEMPLATE'!$B$2:$H$826,5,FALSE),"") | G8: =IFERROR(VLOOKUP($C8,'_METADATA_TEMPLATE'!$B$2:$H$826,6,FALSE),"") | H8: =IFERROR(VLOOKUP($C8,'_METADATA_TEMPLATE'!$B$2:$H$826,7,FALSE),"") | I8: =IFERROR(VLOOKUP(C8,'_METADATA_DEFAULT'!$A:$B,2,FALSE),"") -> Status Assignment
A9: tgr_fd68e454.pair_label_value_0 | B9: assignment_status_id | C9: assignment_status_id | D9: =IFERROR(VLOOKUP($C9,'_METADATA_TEMPLATE'!$B$2:$H$826,2,FALSE),"") | E9: =IFERROR(VLOOKUP($C9,'_METADATA_TEMPLATE'!$B$2:$H$826,4,FALSE),"") | F9: =IFERROR(VLOOKUP($C9,'_METADATA_TEMPLATE'!$B$2:$H$826,5,FALSE),"") | G9: =IFERROR(VLOOKUP($C9,'_METADATA_TEMPLATE'!$B$2:$H$826,6,FALSE),"") | H9: =IFERROR(VLOOKUP($C9,'_METADATA_TEMPLATE'!$B$2:$H$826,7,FALSE),"") | I9: =IFERROR(VLOOKUP(C9,'_METADATA_DEFAULT'!$A:$B,2,FALSE),"") -> ID Status Assignment
A10: tgr_fd68e454.pair_label_value_0 | B10: data_key | C10: data_key | D10: =IFERROR(VLOOKUP($C10,'_METADATA_TEMPLATE'!$B$2:$H$826,2,FALSE),"") | E10: =IFERROR(VLOOKUP($C10,'_METADATA_TEMPLATE'!$B$2:$H$826,4,FALSE),"") | F10: =IFERROR(VLOOKUP($C10,'_METADATA_TEMPLATE'!$B$2:$H$826,5,FALSE),"") | G10: =IFERROR(VLOOKUP($C10,'_METADATA_TEMPLATE'!$B$2:$H$826,6,FALSE),"") | H10: =IFERROR(VLOOKUP($C10,'_METADATA_TEMPLATE'!$B$2:$H$826,7,FALSE),"") | I10: =IFERROR(VLOOKUP(C10,'_METADATA_DEFAULT'!$A:$B,2,FALSE),"")
A11: tgr_fd68e454.pair_label_value_0 | B11: is_active | C11: is_active | D11: =IFERROR(VLOOKUP($C11,'_METADATA_TEMPLATE'!$B$2:$H$826,2,FALSE),"") | E11: =IFERROR(VLOOKUP($C11,'_METADATA_TEMPLATE'!$B$2:$H$826,4,FALSE),"") | F11: =IFERROR(VLOOKUP($C11,'_METADATA_TEMPLATE'!$B$2:$H$826,5,FALSE),"") | G11: =IFERROR(VLOOKUP($C11,'_METADATA_TEMPLATE'!$B$2:$H$826,6,FALSE),"") | H11: =IFERROR(VLOOKUP($C11,'_METADATA_TEMPLATE'!$B$2:$H$826,7,FALSE),"") | I11: =IFERROR(VLOOKUP(C11,'_METADATA_DEFAULT'!$A:$B,2,FALSE),"") -> 1 = Aktif, 0 = Dihapus
A12: tgr_fd68e454.pair_label_value_0 | B12: level_1_code | C12: level_1_code | D12: =IFERROR(VLOOKUP($C12,'_METADATA_TEMPLATE'!$B$2:$H$826,2,FALSE),"") | E12: =IFERROR(VLOOKUP($C12,'_METADATA_TEMPLATE'!$B$2:$H$826,4,FALSE),"") | F12: =IFERROR(VLOOKUP($C12,'_METADATA_TEMPLATE'!$B$2:$H$826,5,FALSE),"") | G12: =IFERROR(VLOOKUP($C12,'_METADATA_TEMPLATE'!$B$2:$H$826,6,FALSE),"") | H12: =IFERROR(VLOOKUP($C12,'_METADATA_TEMPLATE'!$B$2:$H$826,7,FALSE),"") | I12: =IFERROR(VLOOKUP(C12,'_METADATA_DEFAULT'!$A:$B,2,FALSE),"") -> Kode Provinsi
A13: tgr_fd68e454.pair_label_value_0 | B13: level_1_name | C13: level_1_name | D13: =IFERROR(VLOOKUP($C13,'_METADATA_TEMPLATE'!$B$2:$H$826,2,FALSE),"") | E13: =IFERROR(VLOOKUP($C13,'_METADATA_TEMPLATE'!$B$2:$H$826,4,FALSE),"") | F13: =IFERROR(VLOOKUP($C13,'_METADATA_TEMPLATE'!$B$2:$H$826,5,FALSE),"") | G13: =IFERROR(VLOOKUP($C13,'_METADATA_TEMPLATE'!$B$2:$H$826,6,FALSE),"") | H13: =IFERROR(VLOOKUP($C13,'_METADATA_TEMPLATE'!$B$2:$H$826,7,FALSE),"") | I13: =IFERROR(VLOOKUP(C13,'_METADATA_DEFAULT'!$A:$B,2,FALSE),"") -> Provinsi
... A43: tgr_fd68e454.pair_label_value_0 | B43: survey_period_name | C43: survey_period_name | D43: =IFERROR(VLOOKUP($C43,'_METADATA_TEMPLATE'!$B$2:$H$826,2,FALSE),"") | E43: =IFERROR(VLOOKUP($C43,'_METADATA_TEMPLATE'!$B$2:$H$826,4,FALSE),"") | F43: =IFERROR(VLOOKUP($C43,'_METADATA_TEMPLATE'!$B$2:$H$826,5,FALSE),"") | G43: =IFERROR(VLOOKUP($C43,'_METADATA_TEMPLATE'!$B$2:$H$826,6,FALSE),"") | H43: =IFERROR(VLOOKUP($C43,'_METADATA_TEMPLATE'!$B$2:$H$826,7,FALSE),"") | I43: =IFERROR(VLOOKUP(C43,'_METADATA_DEFAULT'!$A:$B,2,FALSE),"")

Sheet tgr_fd68e454.pair_label_value_1
A1: Tabel | B1: Kolom | C1: DataKey | D1: Urutan | E1: Blok | F1: Nomor Rincian | G1: Label | H1: Tipe | I1: Keterangan
A2: tgr_fd68e454.pair_label_value_1 | B2: assignment_id | C2: assignment_id | D2: =IFERROR(VLOOKUP($C2,'_METADATA_TEMPLATE'!$B$2:$H$826,2,FALSE),"") | E2: =IFERROR(VLOOKUP($C2,'_METADATA_TEMPLATE'!$B$2:$H$826,4,FALSE),"") | F2: =IFERROR(VLOOKUP($C2,'_METADATA_TEMPLATE'!$B$2:$H$826,5,FALSE),"") | G2: =IFERROR(VLOOKUP($C2,'_METADATA_TEMPLATE'!$B$2:$H$826,6,FALSE),"") | H2: =IFERROR(VLOOKUP($C2,'_METADATA_TEMPLATE'!$B$2:$H$826,7,FALSE),"") | I2: =IFERROR(VLOOKUP(C2,'_METADATA_DEFAULT'!$A:$B,2,FALSE),"") -> ID Assignment
A3: tgr_fd68e454.pair_label_value_1 | B3: index1 | C3: index1 | D3: =IFERROR(VLOOKUP($C3,'_METADATA_TEMPLATE'!$B$2:$H$826,2,FALSE),"") | E3: =IFERROR(VLOOKUP($C3,'_METADATA_TEMPLATE'!$B$2:$H$826,4,FALSE),"") | F3: =IFERROR(VLOOKUP($C3,'_METADATA_TEMPLATE'!$B$2:$H$826,5,FALSE),"") | G3: =IFERROR(VLOOKUP($C3,'_METADATA_TEMPLATE'!$B$2:$H$826,6,FALSE),"") | H3: =IFERROR(VLOOKUP($C3,'_METADATA_TEMPLATE'!$B$2:$H$826,7,FALSE),"") | I3: =IFERROR(VLOOKUP(C3,'_METADATA_DEFAULT'!$A:$B,2,FALSE),"") -> ID Roster/Nested Level 1
A4: tgr_fd68e454.pair_label_value_1 | B4: level_1_full_code | C4: level_1_full_code | D4: =IFERROR(VLOOKUP($C4,'_METADATA_TEMPLATE'!$B$2:$H$826,2,FALSE),"") | E4: =IFERROR(VLOOKUP($C4,'_METADATA_TEMPLATE'!$B$2:$H$826,4,FALSE),"") | F4: =IFERROR(VLOOKUP($C4,'_METADATA_TEMPLATE'!$B$2:$H$826,5,FALSE),"") | G4: =IFERROR(VLOOKUP($C4,'_METADATA_TEMPLATE'!$B$2:$H$826,6,FALSE),"") | H4: =IFERROR(VLOOKUP($C4,'_METADATA_TEMPLATE'!$B$2:$H$826,7,FALSE),"") | I4: =IFERROR(VLOOKUP(C4,'_METADATA_DEFAULT'!$A:$B,2,FALSE),"") -> Kode Lengkap Provinsi
A5: tgr_fd68e454.pair_label_value_1 | B5: level_2_full_code | C5: level_2_full_code | D5: =IFERROR(VLOOKUP($C5,'_METADATA_TEMPLATE'!$B$2:$H$826,2,FALSE),"") | E5: =IFERROR(VLOOKUP($C5,'_METADATA_TEMPLATE'!$B$2:$H$826,4,FALSE),"") | F5: =IFERROR(VLOOKUP($C5,'_METADATA_TEMPLATE'!$B$2:$H$826,5,FALSE),"") | G5: =IFERROR(VLOOKUP($C5,'_METADATA_TEMPLATE'!$B$2:$H$826,6,FALSE),"") | H5: =IFERROR(VLOOKUP($C5,'_METADATA_TEMPLATE'!$B$2:$H$826,7,FALSE),"") | I5: =IFERROR(VLOOKUP(C5,'_METADATA_DEFAULT'!$A:$B,2,FALSE),"") -> Kode Lengkap Kabupaten/Kota
A6: tgr_fd68e454.pair_label_value_1 | B6: assignment_date_modified | C6: assignment_date_modified | D6: =IFERROR(VLOOKUP($C6,'_METADATA_TEMPLATE'!$B$2:$H$826,2,FALSE),"") | E6: =IFERROR(VLOOKUP($C6,'_METADATA_TEMPLATE'!$B$2:$H$826,4,FALSE),"") | F6: =IFERROR(VLOOKUP($C6,'_METADATA_TEMPLATE'!$B$2:$H$826,5,FALSE),"") | G6: =IFERROR(VLOOKUP($C6,'_METADATA_TEMPLATE'!$B$2:$H$826,6,FALSE),"") | H6: =IFERROR(VLOOKUP($C6,'_METADATA_TEMPLATE'!$B$2:$H$826,7,FALSE),"") | I6: =IFERROR(VLOOKUP(C6,'_METADATA_DEFAULT'!$A:$B,2,FALSE),"") -> Tanggal Assignment Terakhir Diubah
A7: tgr_fd68e454.pair_label_value_1 | B7: assignment_id_timestamp | C7: assignment_id_timestamp | D7: =IFERROR(VLOOKUP($C7,'_METADATA_TEMPLATE'!$B$2:$H$826,2,FALSE),"") | E7: =IFERROR(VLOOKUP($C7,'_METADATA_TEMPLATE'!$B$2:$H$826,4,FALSE),"") | F7: =IFERROR(VLOOKUP($C7,'_METADATA_TEMPLATE'!$B$2:$H$826,5,FALSE),"") | G7: =IFERROR(VLOOKUP($C7,'_METADATA_TEMPLATE'!$B$2:$H$826,6,FALSE),"") | H7: =IFERROR(VLOOKUP($C7,'_METADATA_TEMPLATE'!$B$2:$H$826,7,FALSE),"") | I7: =IFERROR(VLOOKUP(C7,'_METADATA_DEFAULT'!$A:$B,2,FALSE),"") -> ID Assignment + Timestamp
A8: tgr_fd68e454.pair_label_value_1 | B8: assignment_listing | C8: assignment_listing | D8: =IFERROR(VLOOKUP($C8,'_METADATA_TEMPLATE'!$B$2:$H$826,2,FALSE),"") | E8: =IFERROR(VLOOKUP($C8,'_METADATA_TEMPLATE'!$B$2:$H$826,4,FALSE),"") | F8: =IFERROR(VLOOKUP($C8,'_METADATA_TEMPLATE'!$B$2:$H$826,5,FALSE),"") | G8: =IFERROR(VLOOKUP($C8,'_METADATA_TEMPLATE'!$B$2:$H$826,6,FALSE),"") | H8: =IFERROR(VLOOKUP($C8,'_METADATA_TEMPLATE'!$B$2:$H$826,7,FALSE),"") | I8: =IFERROR(VLOOKUP(C8,'_METADATA_DEFAULT'!$A:$B,2,FALSE),"") -> 1 = Assignment Tambahan, 0 = Assignment Prelist
A9: tgr_fd68e454.pair_label_value_1 | B9: assignment_status_alias | C9: assignment_status_alias | D9: =IFERROR(VLOOKUP($C9,'_METADATA_TEMPLATE'!$B$2:$H$826,2,FALSE),"") | E9: =IFERROR(VLOOKUP($C9,'_METADATA_TEMPLATE'!$B$2:$H$826,4,FALSE),"") | F9: =IFERROR(VLOOKUP($C9,'_METADATA_TEMPLATE'!$B$2:$H$826,5,FALSE),"") | G9: =IFERROR(VLOOKUP($C9,'_METADATA_TEMPLATE'!$B$2:$H$826,6,FALSE),"") | H9: =IFERROR(VLOOKUP($C9,'_METADATA_TEMPLATE'!$B$2:$H$826,7,FALSE),"") | I9: =IFERROR(VLOOKUP(C9,'_METADATA_DEFAULT'!$A:$B,2,FALSE),"") -> Status Assignment
A10: tgr_fd68e454.pair_label_value_1 | B10: assignment_status_id | C10: assignment_status_id | D10: =IFERROR(VLOOKUP($C10,'_METADATA_TEMPLATE'!$B$2:$H$826,2,FALSE),"") | E10: =IFERROR(VLOOKUP($C10,'_METADATA_TEMPLATE'!$B$2:$H$826,4,FALSE),"") | F10: =IFERROR(VLOOKUP($C10,'_METADATA_TEMPLATE'!$B$2:$H$826,5,FALSE),"") | G10: =IFERROR(VLOOKUP($C10,'_METADATA_TEMPLATE'!$B$2:$H$826,6,FALSE),"") | H10: =IFERROR(VLOOKUP($C10,'_METADATA_TEMPLATE'!$B$2:$H$826,7,FALSE),"") | I10: =IFERROR(VLOOKUP(C10,'_METADATA_DEFAULT'!$A:$B,2,FALSE),"") -> ID Status Assignment
A11: tgr_fd68e454.pair_label_value_1 | B11: data_key | C11: data_key | D11: =IFERROR(VLOOKUP($C11,'_METADATA_TEMPLATE'!$B$2:$H$826,2,FALSE),"") | E11: =IFERROR(VLOOKUP($C11,'_METADATA_TEMPLATE'!$B$2:$H$826,4,FALSE),"") | F11: =IFERROR(VLOOKUP($C11,'_METADATA_TEMPLATE'!$B$2:$H$826,5,FALSE),"") | G11: =IFERROR(VLOOKUP($C11,'_METADATA_TEMPLATE'!$B$2:$H$826,6,FALSE),"") | H11: =IFERROR(VLOOKUP($C11,'_METADATA_TEMPLATE'!$B$2:$H$826,7,FALSE),"") | I11: =IFERROR(VLOOKUP(C11,'_METADATA_DEFAULT'!$A:$B,2,FALSE),"")
A12: tgr_fd68e454.pair_label_value_1 | B12: is_active | C12: is_active | D12: =IFERROR(VLOOKUP($C12,'_METADATA_TEMPLATE'!$B$2:$H$826,2,FALSE),"") | E12: =IFERROR(VLOOKUP($C12,'_METADATA_TEMPLATE'!$B$2:$H$826,4,FALSE),"") | F12: =IFERROR(VLOOKUP($C12,'_METADATA_TEMPLATE'!$B$2:$H$826,5,FALSE),"") | G12: =IFERROR(VLOOKUP($C12,'_METADATA_TEMPLATE'!$B$2:$H$826,6,FALSE),"") | H12: =IFERROR(VLOOKUP($C12,'_METADATA_TEMPLATE'!$B$2:$H$826,7,FALSE),"") | I12: =IFERROR(VLOOKUP(C12,'_METADATA_DEFAULT'!$A:$B,2,FALSE),"") -> 1 = Aktif, 0 = Dihapus
A13: tgr_fd68e454.pair_label_value_1 | B13: level_1_code | C13: level_1_code | D13: =IFERROR(VLOOKUP($C13,'_METADATA_TEMPLATE'!$B$2:$H$826,2,FALSE),"") | E13: =IFERROR(VLOOKUP($C13,'_METADATA_TEMPLATE'!$B$2:$H$826,4,FALSE),"") | F13: =IFERROR(VLOOKUP($C13,'_METADATA_TEMPLATE'!$B$2:$H$826,5,FALSE),"") | G13: =IFERROR(VLOOKUP($C13,'_METADATA_TEMPLATE'!$B$2:$H$826,6,FALSE),"") | H13: =IFERROR(VLOOKUP($C13,'_METADATA_TEMPLATE'!$B$2:$H$826,7,FALSE),"") | I13: =IFERROR(VLOOKUP(C13,'_METADATA_DEFAULT'!$A:$B,2,FALSE),"") -> Kode Provinsi
... A44: tgr_fd68e454.pair_label_value_1 | B44: survey_period_name | C44: survey_period_name | D44: =IFERROR(VLOOKUP($C44,'_METADATA_TEMPLATE'!$B$2:$H$826,2,FALSE),"") | E44: =IFERROR(VLOOKUP($C44,'_METADATA_TEMPLATE'!$B$2:$H$826,4,FALSE),"") | F44: =IFERROR(VLOOKUP($C44,'_METADATA_TEMPLATE'!$B$2:$H$826,5,FALSE),"") | G44: =IFERROR(VLOOKUP($C44,'_METADATA_TEMPLATE'!$B$2:$H$826,6,FALSE),"") | H44: =IFERROR(VLOOKUP($C44,'_METADATA_TEMPLATE'!$B$2:$H$826,7,FALSE),"") | I44: =IFERROR(VLOOKUP(C44,'_METADATA_DEFAULT'!$A:$B,2,FALSE),"")

Sheet tgr_fd68e454.root_table
A1: Tabel | B1: Kolom | C1: DataKey | D1: Urutan | E1: Blok | F1: Nomor Rincian | G1: Label | H1: Tipe | I1: Keterangan
A2: tgr_fd68e454.root_table | B2: mulai | C2: mulai | D2: =IFERROR(VLOOKUP($C2,'_METADATA_TEMPLATE'!$B$2:$H$826,2,FALSE),"") -> 1 | E2: =IFERROR(VLOOKUP($C2,'_METADATA_TEMPLATE'!$B$2:$H$826,4,FALSE),"") -> PENGANTAR | F2: =IFERROR(VLOOKUP($C2,'_METADATA_TEMPLATE'!$B$2:$H$826,5,FALSE),"") | G2: =IFERROR(VLOOKUP($C2,'_METADATA_TEMPLATE'!$B$2:$H$826,6,FALSE),"") -> Waktu Mulai | H2: =IFERROR(VLOOKUP($C2,'_METADATA_TEMPLATE'!$B$2:$H$826,7,FALSE),"") -> NowInput | I2: =IFERROR(VLOOKUP(C2,'_METADATA_DEFAULT'!$A:$B,2,FALSE),"")
A3: tgr_fd68e454.root_table | B3: kunjungan_1 | C3: kunjungan_1 | D3: =IFERROR(VLOOKUP($C3,'_METADATA_TEMPLATE'!$B$2:$H$826,2,FALSE),"") -> 2 | E3: =IFERROR(VLOOKUP($C3,'_METADATA_TEMPLATE'!$B$2:$H$826,4,FALSE),"") -> PENGANTAR | F3: =IFERROR(VLOOKUP($C3,'_METADATA_TEMPLATE'!$B$2:$H$826,5,FALSE),"") | G3: =IFERROR(VLOOKUP($C3,'_METADATA_TEMPLATE'!$B$2:$H$826,6,FALSE),"") -> Waktu Kunjungan I | H3: =IFERROR(VLOOKUP($C3,'_METADATA_TEMPLATE'!$B$2:$H$826,7,FALSE),"") -> NowInput | I3: =IFERROR(VLOOKUP(C3,'_METADATA_DEFAULT'!$A:$B,2,FALSE),"")
A4: tgr_fd68e454.root_table | B4: catatan_1 | C4: catatan_1 | D4: =IFERROR(VLOOKUP($C4,'_METADATA_TEMPLATE'!$B$2:$H$826,2,FALSE),"") -> 3 | E4: =IFERROR(VLOOKUP($C4,'_METADATA_TEMPLATE'!$B$2:$H$826,4,FALSE),"") -> PENGANTAR | F4: =IFERROR(VLOOKUP($C4,'_METADATA_TEMPLATE'!$B$2:$H$826,5,FALSE),"") | G4: =IFERROR(VLOOKUP($C4,'_METADATA_TEMPLATE'!$B$2:$H$826,6,FALSE),"") -> Catatan Kunjungan I | H4: =IFERROR(VLOOKUP($C4,'_METADATA_TEMPLATE'!$B$2:$H$826,7,FALSE),"") -> Text Area | I4: =IFERROR(VLOOKUP(C4,'_METADATA_DEFAULT'!$A:$B,2,FALSE),"")
A5: tgr_fd68e454.root_table | B5: kunjungan_2 | C5: kunjungan_2 | D5: =IFERROR(VLOOKUP($C5,'_METADATA_TEMPLATE'!$B$2:$H$826,2,FALSE),"") -> 4 | E5: =IFERROR(VLOOKUP($C5,'_METADATA_TEMPLATE'!$B$2:$H$826,4,FALSE),"") -> PENGANTAR | F5: =IFERROR(VLOOKUP($C5,'_METADATA_TEMPLATE'!$B$2:$H$826,5,FALSE),"") | G5: =IFERROR(VLOOKUP($C5,'_METADATA_TEMPLATE'!$B$2:$H$826,6,FALSE),"") -> Waktu Kunjungan II Waktu Kunjungan II Hanya Dapat Diisi Empat Jam setelah Kunjungan I | H5: =IFERROR(VLOOKUP($C5,'_METADATA_TEMPLATE'!$B$2:$H$826,7,FALSE),"") -> NowInput | I5: =IFERROR(VLOOKUP(C5,'_METADATA_DEFAULT'!$A:$B,2,FALSE),"")
A6: tgr_fd68e454.root_table | B6: catatan_2 | C6: catatan_2 | D6: =IFERROR(VLOOKUP($C6,'_METADATA_TEMPLATE'!$B$2:$H$826,2,FALSE),"") -> 5 | E6: =IFERROR(VLOOKUP($C6,'_METADATA_TEMPLATE'!$B$2:$H$826,4,FALSE),"") -> PENGANTAR | F6: =IFERROR(VLOOKUP($C6,'_METADATA_TEMPLATE'!$B$2:$H$826,5,FALSE),"") | G6: =IFERROR(VLOOKUP($C6,'_METADATA_TEMPLATE'!$B$2:$H$826,6,FALSE),"") -> Catatan Kunjungan II | H6: =IFERROR(VLOOKUP($C6,'_METADATA_TEMPLATE'!$B$2:$H$826,7,FALSE),"") -> Text Area | I6: =IFERROR(VLOOKUP(C6,'_METADATA_DEFAULT'!$A:$B,2,FALSE),"")
A7: tgr_fd68e454.root_table | B7: kunjungan_3 | C7: kunjungan_3 | D7: =IFERROR(VLOOKUP($C7,'_METADATA_TEMPLATE'!$B$2:$H$826,2,FALSE),"") -> 6 | E7: =IFERROR(VLOOKUP($C7,'_METADATA_TEMPLATE'!$B$2:$H$826,4,FALSE),"") -> PENGANTAR | F7: =IFERROR(VLOOKUP($C7,'_METADATA_TEMPLATE'!$B$2:$H$826,5,FALSE),"") | G7: =IFERROR(VLOOKUP($C7,'_METADATA_TEMPLATE'!$B$2:$H$826,6,FALSE),"") -> Waktu Kunjungan III Waktu Kunjungan III Hanya Dapat Diisi Empat Jam setelah Kunjungan II | H7: =IFERROR(VLOOKUP($C7,'_METADATA_TEMPLATE'!$B$2:$H$826,7,FALSE),"") -> NowInput | I7: =IFERROR(VLOOKUP(C7,'_METADATA_DEFAULT'!$A:$B,2,FALSE),"")
A8: tgr_fd68e454.root_table | B8: alasan_nr_label | C8: alasan_nr | D8: =IFERROR(VLOOKUP($C8,'_METADATA_TEMPLATE'!$B$2:$H$826,2,FALSE),"") -> 7 | E8: =IFERROR(VLOOKUP($C8,'_METADATA_TEMPLATE'!$B$2:$H$826,4,FALSE),"") -> PENGANTAR | F8: =IFERROR(VLOOKUP($C8,'_METADATA_TEMPLATE'!$B$2:$H$826,5,FALSE),"") | G8: =IFERROR(VLOOKUP($C8,'_METADATA_TEMPLATE'!$B$2:$H$826,6,FALSE),"") -> Alasan Nonrespon | H8: =IFERROR(VLOOKUP($C8,'_METADATA_TEMPLATE'!$B$2:$H$826,7,FALSE),"") -> Radio Group | I8: =IFERROR(VLOOKUP(C8,'_METADATA_DEFAULT'!$A:$B,2,FALSE),"")
A9: tgr_fd68e454.root_table | B9: alasan_nr_value | C9: alasan_nr | D9: =IFERROR(VLOOKUP($C9,'_METADATA_TEMPLATE'!$B$2:$H$826,2,FALSE),"") -> 7 | E9: =IFERROR(VLOOKUP($C9,'_METADATA_TEMPLATE'!$B$2:$H$826,4,FALSE),"") -> PENGANTAR | F9: =IFERROR(VLOOKUP($C9,'_METADATA_TEMPLATE'!$B$2:$H$826,5,FALSE),"") | G9: =IFERROR(VLOOKUP($C9,'_METADATA_TEMPLATE'!$B$2:$H$826,6,FALSE),"") -> Alasan Nonrespon | H9: =IFERROR(VLOOKUP($C9,'_METADATA_TEMPLATE'!$B$2:$H$826,7,FALSE),"") -> Radio Group | I9: =IFERROR(VLOOKUP(C9,'_METADATA_DEFAULT'!$A:$B,2,FALSE),"")
A10: tgr_fd68e454.root_table | B10: catatan_3 | C10: catatan_3 | D10: =IFERROR(VLOOKUP($C10,'_METADATA_TEMPLATE'!$B$2:$H$826,2,FALSE),"") -> 8 | E10: =IFERROR(VLOOKUP($C10,'_METADATA_TEMPLATE'!$B$2:$H$826,4,FALSE),"") -> PENGANTAR | F10: =IFERROR(VLOOKUP($C10,'_METADATA_TEMPLATE'!$B$2:$H$826,5,FALSE),"") | G10: =IFERROR(VLOOKUP($C10,'_METADATA_TEMPLATE'!$B$2:$H$826,6,FALSE),"") -> Catatan Kunjungan III | H10: =IFERROR(VLOOKUP($C10,'_METADATA_TEMPLATE'!$B$2:$H$826,7,FALSE),"") -> Text Area | I10: =IFERROR(VLOOKUP(C10,'_METADATA_DEFAULT'!$A:$B,2,FALSE),"")
A11: tgr_fd68e454.root_table | B11: kunjungan_pml | C11: kunjungan_pml | D11: =IFERROR(VLOOKUP($C11,'_METADATA_TEMPLATE'!$B$2:$H$826,2,FALSE),"") -> 9 | E11: =IFERROR(VLOOKUP($C11,'_METADATA_TEMPLATE'!$B$2:$H$826,4,FALSE),"") -> PENGANTAR | F11: =IFERROR(VLOOKUP($C11,'_METADATA_TEMPLATE'!$B$2:$H$826,5,FALSE),"") | G11: =IFERROR(VLOOKUP($C11,'_METADATA_TEMPLATE'!$B$2:$H$826,6,FALSE),"") -> Waktu Kunjungan PML | H11: =IFERROR(VLOOKUP($C11,'_METADATA_TEMPLATE'!$B$2:$H$826,7,FALSE),"") -> NowInput | I11: =IFERROR(VLOOKUP(C11,'_METADATA_DEFAULT'!$A:$B,2,FALSE),"")
A12: tgr_fd68e454.root_table | B12: geotag_pml_accuracy | C12: geotag_pml | D12: =IFERROR(VLOOKUP($C12,'_METADATA_TEMPLATE'!$B$2:$H$826,2,FALSE),"") -> 10 | E12: =IFERROR(VLOOKUP($C12,'_METADATA_TEMPLATE'!$B$2:$H$826,4,FALSE),"") -> PENGANTAR | F12: =IFERROR(VLOOKUP($C12,'_METADATA_TEMPLATE'!$B$2:$H$826,5,FALSE),"") | G12: =IFERROR(VLOOKUP($C12,'_METADATA_TEMPLATE'!$B$2:$H$826,6,FALSE),"") -> Geotaging oleh PML | H12: =IFERROR(VLOOKUP($C12,'_METADATA_TEMPLATE'!$B$2:$H$826,7,FALSE),"") -> GpsInput | I12: =IFERROR(VLOOKUP(C12,'_METADATA_DEFAULT'!$A:$B,2,FALSE),"")
A13: tgr_fd68e454.root_table | B13: geotag_pml_latitude | C13: geotag_pml | D13: =IFERROR(VLOOKUP($C13,'_METADATA_TEMPLATE'!$B$2:$H$826,2,FALSE),"") -> 10 | E13: =IFERROR(VLOOKUP($C13,'_METADATA_TEMPLATE'!$B$2:$H$826,4,FALSE),"") -> PENGANTAR | F13: =IFERROR(VLOOKUP($C13,'_METADATA_TEMPLATE'!$B$2:$H$826,5,FALSE),"") | G13: =IFERROR(VLOOKUP($C13,'_METADATA_TEMPLATE'!$B$2:$H$826,6,FALSE),"") -> Geotaging oleh PML | H13: =IFERROR(VLOOKUP($C13,'_METADATA_TEMPLATE'!$B$2:$H$826,7,FALSE),"") -> GpsInput | I13: =IFERROR(VLOOKUP(C13,'_METADATA_DEFAULT'!$A:$B,2,FALSE),"")
... A312: tgr_fd68e454.root_table | B312: tanggal_selesai_anomali | C312: tanggal_selesai_anomali | D312: =IFERROR(VLOOKUP($C312,'_METADATA_TEMPLATE'!$B$2:$H$826,2,FALSE),"") | E312: =IFERROR(VLOOKUP($C312,'_METADATA_TEMPLATE'!$B$2:$H$826,4,FALSE),"") | F312: =IFERROR(VLOOKUP($C312,'_METADATA_TEMPLATE'!$B$2:$H$826,5,FALSE),"") | G312: =IFERROR(VLOOKUP($C312,'_METADATA_TEMPLATE'!$B$2:$H$826,6,FALSE),"") | H312: =IFERROR(VLOOKUP($C312,'_METADATA_TEMPLATE'!$B$2:$H$826,7,FALSE),"") | I312: =IFERROR(VLOOKUP(C312,'_METADATA_DEFAULT'!$A:$B,2,FALSE),"")

Sheet tgr_fd68e454.se2026_nested
A1: Tabel | B1: Kolom | C1: DataKey | D1: Urutan | E1: Blok | F1: Nomor Rincian | G1: Label | H1: Tipe | I1: Keterangan
A2: tgr_fd68e454.se2026_nested | B2: pilih_umkm_sls_label | C2: pilih_umkm_sls | D2: =IFERROR(VLOOKUP($C2,'_METADATA_TEMPLATE'!$B$2:$H$826,2,FALSE),"") -> 103 | E2: =IFERROR(VLOOKUP($C2,'_METADATA_TEMPLATE'!$B$2:$H$826,4,FALSE),"") -> SE2026 - L BLOK II | F2: =IFERROR(VLOOKUP($C2,'_METADATA_TEMPLATE'!$B$2:$H$826,5,FALSE),"") | G2: =IFERROR(VLOOKUP($C2,'_METADATA_TEMPLATE'!$B$2:$H$826,6,FALSE),"") -> Pilih UMKM dalam satu SLS yang sama | H2: =IFERROR(VLOOKUP($C2,'_METADATA_TEMPLATE'!$B$2:$H$826,7,FALSE),"") -> Select | I2: =IFERROR(VLOOKUP(C2,'_METADATA_DEFAULT'!$A:$B,2,FALSE),"")
A3: tgr_fd68e454.se2026_nested | B3: pilih_umkm_sls_value | C3: pilih_umkm_sls | D3: =IFERROR(VLOOKUP($C3,'_METADATA_TEMPLATE'!$B$2:$H$826,2,FALSE),"") -> 103 | E3: =IFERROR(VLOOKUP($C3,'_METADATA_TEMPLATE'!$B$2:$H$826,4,FALSE),"") -> SE2026 - L BLOK II | F3: =IFERROR(VLOOKUP($C3,'_METADATA_TEMPLATE'!$B$2:$H$826,5,FALSE),"") | G3: =IFERROR(VLOOKUP($C3,'_METADATA_TEMPLATE'!$B$2:$H$826,6,FALSE),"") -> Pilih UMKM dalam satu SLS yang sama | H3: =IFERROR(VLOOKUP($C3,'_METADATA_TEMPLATE'!$B$2:$H$826,7,FALSE),"") -> Select | I3: =IFERROR(VLOOKUP(C3,'_METADATA_DEFAULT'!$A:$B,2,FALSE),"")
A4: tgr_fd68e454.se2026_nested | B4: prov_l | C4: prov_l | D4: =IFERROR(VLOOKUP($C4,'_METADATA_TEMPLATE'!$B$2:$H$826,2,FALSE),"") -> 106 | E4: =IFERROR(VLOOKUP($C4,'_METADATA_TEMPLATE'!$B$2:$H$826,4,FALSE),"") -> SE2026 - L BLOK II | F4: =IFERROR(VLOOKUP($C4,'_METADATA_TEMPLATE'!$B$2:$H$826,5,FALSE),"") -> 1 | G4: =IFERROR(VLOOKUP($C4,'_METADATA_TEMPLATE'!$B$2:$H$826,6,FALSE),"") -> Provinsi | H4: =IFERROR(VLOOKUP($C4,'_METADATA_TEMPLATE'!$B$2:$H$826,7,FALSE),"") -> Variable | I4: =IFERROR(VLOOKUP(C4,'_METADATA_DEFAULT'!$A:$B,2,FALSE),"")
A5: tgr_fd68e454.se2026_nested | B5: kab_l | C5: kab_l | D5: =IFERROR(VLOOKUP($C5,'_METADATA_TEMPLATE'!$B$2:$H$826,2,FALSE),"") -> 107 | E5: =IFERROR(VLOOKUP($C5,'_METADATA_TEMPLATE'!$B$2:$H$826,4,FALSE),"") -> SE2026 - L BLOK II | F5: =IFERROR(VLOOKUP($C5,'_METADATA_TEMPLATE'!$B$2:$H$826,5,FALSE),"") -> 2 | G5: =IFERROR(VLOOKUP($C5,'_METADATA_TEMPLATE'!$B$2:$H$826,6,FALSE),"") -> Kabupaten/Kota | H5: =IFERROR(VLOOKUP($C5,'_METADATA_TEMPLATE'!$B$2:$H$826,7,FALSE),"") -> Variable | I5: =IFERROR(VLOOKUP(C5,'_METADATA_DEFAULT'!$A:$B,2,FALSE),"")
A6: tgr_fd68e454.se2026_nested | B6: kec_l | C6: kec_l | D6: =IFERROR(VLOOKUP($C6,'_METADATA_TEMPLATE'!$B$2:$H$826,2,FALSE),"") -> 110 | E6: =IFERROR(VLOOKUP($C6,'_METADATA_TEMPLATE'!$B$2:$H$826,4,FALSE),"") -> SE2026 - L BLOK II | F6: =IFERROR(VLOOKUP($C6,'_METADATA_TEMPLATE'!$B$2:$H$826,5,FALSE),"") -> 3 | G6: =IFERROR(VLOOKUP($C6,'_METADATA_TEMPLATE'!$B$2:$H$826,6,FALSE),"") -> Kecamatan | H6: =IFERROR(VLOOKUP($C6,'_METADATA_TEMPLATE'!$B$2:$H$826,7,FALSE),"") -> Variable | I6: =IFERROR(VLOOKUP(C6,'_METADATA_DEFAULT'!$A:$B,2,FALSE),"")
A7: tgr_fd68e454.se2026_nested | B7: desa_l | C7: desa_l | D7: =IFERROR(VLOOKUP($C7,'_METADATA_TEMPLATE'!$B$2:$H$826,2,FALSE),"") -> 112 | E7: =IFERROR(VLOOKUP($C7,'_METADATA_TEMPLATE'!$B$2:$H$826,4,FALSE),"") -> SE2026 - L BLOK II | F7: =IFERROR(VLOOKUP($C7,'_METADATA_TEMPLATE'!$B$2:$H$826,5,FALSE),"") -> 4 | G7: =IFERROR(VLOOKUP($C7,'_METADATA_TEMPLATE'!$B$2:$H$826,6,FALSE),"") -> Kelurahan/Desa/Nagari | H7: =IFERROR(VLOOKUP($C7,'_METADATA_TEMPLATE'!$B$2:$H$826,7,FALSE),"") -> Variable | I7: =IFERROR(VLOOKUP(C7,'_METADATA_DEFAULT'!$A:$B,2,FALSE),"")
A8: tgr_fd68e454.se2026_nested | B8: kodesls_l | C8: kodesls_l | D8: =IFERROR(VLOOKUP($C8,'_METADATA_TEMPLATE'!$B$2:$H$826,2,FALSE),"") -> 114 | E8: =IFERROR(VLOOKUP($C8,'_METADATA_TEMPLATE'!$B$2:$H$826,4,FALSE),"") -> SE2026 - L BLOK II | F8: =IFERROR(VLOOKUP($C8,'_METADATA_TEMPLATE'!$B$2:$H$826,5,FALSE),"") | G8: =IFERROR(VLOOKUP($C8,'_METADATA_TEMPLATE'!$B$2:$H$826,6,FALSE),"") -> Kode SLS/Sub-SLS | H8: =IFERROR(VLOOKUP($C8,'_METADATA_TEMPLATE'!$B$2:$H$826,7,FALSE),"") -> Variable | I8: =IFERROR(VLOOKUP(C8,'_METADATA_DEFAULT'!$A:$B,2,FALSE),"")
A9: tgr_fd68e454.se2026_nested | B9: sls_l | C9: sls_l | D9: =IFERROR(VLOOKUP($C9,'_METADATA_TEMPLATE'!$B$2:$H$826,2,FALSE),"") -> 116 | E9: =IFERROR(VLOOKUP($C9,'_METADATA_TEMPLATE'!$B$2:$H$826,4,FALSE),"") -> SE2026 - L BLOK II | F9: =IFERROR(VLOOKUP($C9,'_METADATA_TEMPLATE'!$B$2:$H$826,5,FALSE),"") | G9: =IFERROR(VLOOKUP($C9,'_METADATA_TEMPLATE'!$B$2:$H$826,6,FALSE),"") -> Nama SLS/Sub-SLS | H9: =IFERROR(VLOOKUP($C9,'_METADATA_TEMPLATE'!$B$2:$H$826,7,FALSE),"") -> Variable | I9: =IFERROR(VLOOKUP(C9,'_METADATA_DEFAULT'!$A:$B,2,FALSE),"")
A10: tgr_fd68e454.se2026_nested | B10: no_bang_l | C10: no_bang_l | D10: =IFERROR(VLOOKUP($C10,'_METADATA_TEMPLATE'!$B$2:$H$826,2,FALSE),"") -> 117 | E10: =IFERROR(VLOOKUP($C10,'_METADATA_TEMPLATE'!$B$2:$H$826,4,FALSE),"") -> SE2026 - L BLOK II | F10: =IFERROR(VLOOKUP($C10,'_METADATA_TEMPLATE'!$B$2:$H$826,5,FALSE),"") -> 6 | G10: =IFERROR(VLOOKUP($C10,'_METADATA_TEMPLATE'!$B$2:$H$826,6,FALSE),"") -> Nomor Bangunan | H10: =IFERROR(VLOOKUP($C10,'_METADATA_TEMPLATE'!$B$2:$H$826,7,FALSE),"") -> Variable | I10: =IFERROR(VLOOKUP(C10,'_METADATA_DEFAULT'!$A:$B,2,FALSE),"")
A11: tgr_fd68e454.se2026_nested | B11: no_usaha | C11: no_usaha | D11: =IFERROR(VLOOKUP($C11,'_METADATA_TEMPLATE'!$B$2:$H$826,2,FALSE),"") -> 119 | E11: =IFERROR(VLOOKUP($C11,'_METADATA_TEMPLATE'!$B$2:$H$826,4,FALSE),"") -> SE2026 - L BLOK II | F11: =IFERROR(VLOOKUP($C11,'_METADATA_TEMPLATE'!$B$2:$H$826,5,FALSE),"") -> 7 | G11: =IFERROR(VLOOKUP($C11,'_METADATA_TEMPLATE'!$B$2:$H$826,6,FALSE),"") -> Nomor Urut Usaha/Perusahaan | H11: =IFERROR(VLOOKUP($C11,'_METADATA_TEMPLATE'!$B$2:$H$826,7,FALSE),"") -> Variable | I11: =IFERROR(VLOOKUP(C11,'_METADATA_DEFAULT'!$A:$B,2,FALSE),"")
A12: tgr_fd68e454.se2026_nested | B12: nama_usaha | C12: nama_usaha | D12: =IFERROR(VLOOKUP($C12,'_METADATA_TEMPLATE'!$B$2:$H$826,2,FALSE),"") -> 120 | E12: =IFERROR(VLOOKUP($C12,'_METADATA_TEMPLATE'!$B$2:$H$826,4,FALSE),"") -> SE2026 - L BLOK II | F12: =IFERROR(VLOOKUP($C12,'_METADATA_TEMPLATE'!$B$2:$H$826,5,FALSE),"") -> 8 | G12: =IFERROR(VLOOKUP($C12,'_METADATA_TEMPLATE'!$B$2:$H$826,6,FALSE),"") -> a. Nama usaha/perusahaan | H12: =IFERROR(VLOOKUP($C12,'_METADATA_TEMPLATE'!$B$2:$H$826,7,FALSE),"") -> Variable | I12: =IFERROR(VLOOKUP(C12,'_METADATA_DEFAULT'!$A:$B,2,FALSE),"")
A13: tgr_fd68e454.se2026_nested | B13: keberadaan_usaha_label | C13: keberadaan_usaha | D13: =IFERROR(VLOOKUP($C13,'_METADATA_TEMPLATE'!$B$2:$H$826,2,FALSE),"") -> 121 | E13: =IFERROR(VLOOKUP($C13,'_METADATA_TEMPLATE'!$B$2:$H$826,4,FALSE),"") -> SE2026 - L BLOK II | F13: =IFERROR(VLOOKUP($C13,'_METADATA_TEMPLATE'!$B$2:$H$826,5,FALSE),"") | G13: =IFERROR(VLOOKUP($C13,'_METADATA_TEMPLATE'!$B$2:$H$826,6,FALSE),"") -> Keberadaan Usaha | H13: =IFERROR(VLOOKUP($C13,'_METADATA_TEMPLATE'!$B$2:$H$826,7,FALSE),"") -> Radio Group | I13: =IFERROR(VLOOKUP(C13,'_METADATA_DEFAULT'!$A:$B,2,FALSE),"")
... A276: tgr_fd68e454.se2026_nested | B276: survey_period_name | C276: survey_period_name | D276: =IFERROR(VLOOKUP($C276,'_METADATA_TEMPLATE'!$B$2:$H$826,2,FALSE),"") | E276: =IFERROR(VLOOKUP($C276,'_METADATA_TEMPLATE'!$B$2:$H$826,4,FALSE),"") | F276: =IFERROR(VLOOKUP($C276,'_METADATA_TEMPLATE'!$B$2:$H$826,5,FALSE),"") | G276: =IFERROR(VLOOKUP($C276,'_METADATA_TEMPLATE'!$B$2:$H$826,6,FALSE),"") | H276: =IFERROR(VLOOKUP($C276,'_METADATA_TEMPLATE'!$B$2:$H$826,7,FALSE),"") | I276: =IFERROR(VLOOKUP(C276,'_METADATA_DEFAULT'!$A:$B,2,FALSE),"")

Sheet tcz_37526b20.base_table_assignm
A1: Tabel | B1: Kolom | C1: DataKey | D1: Urutan | E1: Blok | F1: Nomor Rincian | G1: Label | H1: Tipe | I1: Keterangan
A2: tcz_37526b20.base_table_assignment | B2: email | C2: email | D2: =IFERROR(VLOOKUP($C2,'_METADATA_TEMPLATE'!$B$2:$H$826,2,FALSE),"") -> 131 | E2: =IFERROR(VLOOKUP($C2,'_METADATA_TEMPLATE'!$B$2:$H$826,4,FALSE),"") -> SE2026 - L BLOK II | F2: =IFERROR(VLOOKUP($C2,'_METADATA_TEMPLATE'!$B$2:$H$826,5,FALSE),"") | G2: =IFERROR(VLOOKUP($C2,'_METADATA_TEMPLATE'!$B$2:$H$826,6,FALSE),"") -> • Email | H2: =IFERROR(VLOOKUP($C2,'_METADATA_TEMPLATE'!$B$2:$H$826,7,FALSE),"") -> Text Input | I2: =IFERROR(VLOOKUP(C2,'_METADATA_DEFAULT'!$A:$B,2,FALSE),"")
A3: tcz_37526b20.base_table_assignment | B3: mode | C3: mode | D3: =IFERROR(VLOOKUP($C3,'_METADATA_TEMPLATE'!$B$2:$H$826,2,FALSE),"") -> 483 | E3: =IFERROR(VLOOKUP($C3,'_METADATA_TEMPLATE'!$B$2:$H$826,4,FALSE),"") | F3: =IFERROR(VLOOKUP($C3,'_METADATA_TEMPLATE'!$B$2:$H$826,5,FALSE),"") | G3: =IFERROR(VLOOKUP($C3,'_METADATA_TEMPLATE'!$B$2:$H$826,6,FALSE),"") -> Mode | H3: =IFERROR(VLOOKUP($C3,'_METADATA_TEMPLATE'!$B$2:$H$826,7,FALSE),"") -> Variable | I3: =IFERROR(VLOOKUP(C3,'_METADATA_DEFAULT'!$A:$B,2,FALSE),"") -> Moda Survei
A4: tcz_37526b20.base_table_assignment | B4: assignment_id | C4: assignment_id | D4: =IFERROR(VLOOKUP($C4,'_METADATA_TEMPLATE'!$B$2:$H$826,2,FALSE),"") | E4: =IFERROR(VLOOKUP($C4,'_METADATA_TEMPLATE'!$B$2:$H$826,4,FALSE),"") | F4: =IFERROR(VLOOKUP($C4,'_METADATA_TEMPLATE'!$B$2:$H$826,5,FALSE),"") | G4: =IFERROR(VLOOKUP($C4,'_METADATA_TEMPLATE'!$B$2:$H$826,6,FALSE),"") | H4: =IFERROR(VLOOKUP($C4,'_METADATA_TEMPLATE'!$B$2:$H$826,7,FALSE),"") | I4: =IFERROR(VLOOKUP(C4,'_METADATA_DEFAULT'!$A:$B,2,FALSE),"") -> ID Assignment
A5: tcz_37526b20.base_table_assignment | B5: level_1_full_code | C5: level_1_full_code | D5: =IFERROR(VLOOKUP($C5,'_METADATA_TEMPLATE'!$B$2:$H$826,2,FALSE),"") | E5: =IFERROR(VLOOKUP($C5,'_METADATA_TEMPLATE'!$B$2:$H$826,4,FALSE),"") | F5: =IFERROR(VLOOKUP($C5,'_METADATA_TEMPLATE'!$B$2:$H$826,5,FALSE),"") | G5: =IFERROR(VLOOKUP($C5,'_METADATA_TEMPLATE'!$B$2:$H$826,6,FALSE),"") | H5: =IFERROR(VLOOKUP($C5,'_METADATA_TEMPLATE'!$B$2:$H$826,7,FALSE),"") | I5: =IFERROR(VLOOKUP(C5,'_METADATA_DEFAULT'!$A:$B,2,FALSE),"") -> Kode Lengkap Provinsi
A6: tcz_37526b20.base_table_assignment | B6: level_2_full_code | C6: level_2_full_code | D6: =IFERROR(VLOOKUP($C6,'_METADATA_TEMPLATE'!$B$2:$H$826,2,FALSE),"") | E6: =IFERROR(VLOOKUP($C6,'_METADATA_TEMPLATE'!$B$2:$H$826,4,FALSE),"") | F6: =IFERROR(VLOOKUP($C6,'_METADATA_TEMPLATE'!$B$2:$H$826,5,FALSE),"") | G6: =IFERROR(VLOOKUP($C6,'_METADATA_TEMPLATE'!$B$2:$H$826,6,FALSE),"") | H6: =IFERROR(VLOOKUP($C6,'_METADATA_TEMPLATE'!$B$2:$H$826,7,FALSE),"") | I6: =IFERROR(VLOOKUP(C6,'_METADATA_DEFAULT'!$A:$B,2,FALSE),"") -> Kode Lengkap Kabupaten/Kota
A7: tcz_37526b20.base_table_assignment | B7: is_active | C7: is_active | D7: =IFERROR(VLOOKUP($C7,'_METADATA_TEMPLATE'!$B$2:$H$826,2,FALSE),"") | E7: =IFERROR(VLOOKUP($C7,'_METADATA_TEMPLATE'!$B$2:$H$826,4,FALSE),"") | F7: =IFERROR(VLOOKUP($C7,'_METADATA_TEMPLATE'!$B$2:$H$826,5,FALSE),"") | G7: =IFERROR(VLOOKUP($C7,'_METADATA_TEMPLATE'!$B$2:$H$826,6,FALSE),"") | H7: =IFERROR(VLOOKUP($C7,'_METADATA_TEMPLATE'!$B$2:$H$826,7,FALSE),"") | I7: =IFERROR(VLOOKUP(C7,'_METADATA_DEFAULT'!$A:$B,2,FALSE),"") -> 1 = Aktif, 0 = Dihapus
A8: tcz_37526b20.base_table_assignment | B8: approved_by_creator | C8: approved_by_creator | D8: =IFERROR(VLOOKUP($C8,'_METADATA_TEMPLATE'!$B$2:$H$826,2,FALSE),"") | E8: =IFERROR(VLOOKUP($C8,'_METADATA_TEMPLATE'!$B$2:$H$826,4,FALSE),"") | F8: =IFERROR(VLOOKUP($C8,'_METADATA_TEMPLATE'!$B$2:$H$826,5,FALSE),"") | G8: =IFERROR(VLOOKUP($C8,'_METADATA_TEMPLATE'!$B$2:$H$826,6,FALSE),"") | H8: =IFERROR(VLOOKUP($C8,'_METADATA_TEMPLATE'!$B$2:$H$826,7,FALSE),"") | I8: =IFERROR(VLOOKUP(C8,'_METADATA_DEFAULT'!$A:$B,2,FALSE),"")
A9: tcz_37526b20.base_table_assignment | B9: assignment_error_status_type | C9: assignment_error_status_type | D9: =IFERROR(VLOOKUP($C9,'_METADATA_TEMPLATE'!$B$2:$H$826,2,FALSE),"") | E9: =IFERROR(VLOOKUP($C9,'_METADATA_TEMPLATE'!$B$2:$H$826,4,FALSE),"") | F9: =IFERROR(VLOOKUP($C9,'_METADATA_TEMPLATE'!$B$2:$H$826,5,FALSE),"") | G9: =IFERROR(VLOOKUP($C9,'_METADATA_TEMPLATE'!$B$2:$H$826,6,FALSE),"") | H9: =IFERROR(VLOOKUP($C9,'_METADATA_TEMPLATE'!$B$2:$H$826,7,FALSE),"") | I9: =IFERROR(VLOOKUP(C9,'_METADATA_DEFAULT'!$A:$B,2,FALSE),"")
A10: tcz_37526b20.base_table_assignment | B10: assignment_id_timestamp | C10: assignment_id_timestamp | D10: =IFERROR(VLOOKUP($C10,'_METADATA_TEMPLATE'!$B$2:$H$826,2,FALSE),"") | E10: =IFERROR(VLOOKUP($C10,'_METADATA_TEMPLATE'!$B$2:$H$826,4,FALSE),"") | F10: =IFERROR(VLOOKUP($C10,'_METADATA_TEMPLATE'!$B$2:$H$826,5,FALSE),"") | G10: =IFERROR(VLOOKUP($C10,'_METADATA_TEMPLATE'!$B$2:$H$826,6,FALSE),"") | H10: =IFERROR(VLOOKUP($C10,'_METADATA_TEMPLATE'!$B$2:$H$826,7,FALSE),"") | I10: =IFERROR(VLOOKUP(C10,'_METADATA_DEFAULT'!$A:$B,2,FALSE),"") -> ID Assignment + Timestamp
A11: tcz_37526b20.base_table_assignment | B11: assignment_responsibility_admin | C11: assignment_responsibility_admin | D11: =IFERROR(VLOOKUP($C11,'_METADATA_TEMPLATE'!$B$2:$H$826,2,FALSE),"") | E11: =IFERROR(VLOOKUP($C11,'_METADATA_TEMPLATE'!$B$2:$H$826,4,FALSE),"") | F11: =IFERROR(VLOOKUP($C11,'_METADATA_TEMPLATE'!$B$2:$H$826,5,FALSE),"") | G11: =IFERROR(VLOOKUP($C11,'_METADATA_TEMPLATE'!$B$2:$H$826,6,FALSE),"") | H11: =IFERROR(VLOOKUP($C11,'_METADATA_TEMPLATE'!$B$2:$H$826,7,FALSE),"") | I11: =IFERROR(VLOOKUP(C11,'_METADATA_DEFAULT'!$A:$B,2,FALSE),"")
A12: tcz_37526b20.base_table_assignment | B12: assignment_status_alias | C12: assignment_status_alias | D12: =IFERROR(VLOOKUP($C12,'_METADATA_TEMPLATE'!$B$2:$H$826,2,FALSE),"") | E12: =IFERROR(VLOOKUP($C12,'_METADATA_TEMPLATE'!$B$2:$H$826,4,FALSE),"") | F12: =IFERROR(VLOOKUP($C12,'_METADATA_TEMPLATE'!$B$2:$H$826,5,FALSE),"") | G12: =IFERROR(VLOOKUP($C12,'_METADATA_TEMPLATE'!$B$2:$H$826,6,FALSE),"") | H12: =IFERROR(VLOOKUP($C12,'_METADATA_TEMPLATE'!$B$2:$H$826,7,FALSE),"") | I12: =IFERROR(VLOOKUP(C12,'_METADATA_DEFAULT'!$A:$B,2,FALSE),"") -> Status Assignment
A13: tcz_37526b20.base_table_assignment | B13: assignment_status_id | C13: assignment_status_id | D13: =IFERROR(VLOOKUP($C13,'_METADATA_TEMPLATE'!$B$2:$H$826,2,FALSE),"") | E13: =IFERROR(VLOOKUP($C13,'_METADATA_TEMPLATE'!$B$2:$H$826,4,FALSE),"") | F13: =IFERROR(VLOOKUP($C13,'_METADATA_TEMPLATE'!$B$2:$H$826,5,FALSE),"") | G13: =IFERROR(VLOOKUP($C13,'_METADATA_TEMPLATE'!$B$2:$H$826,6,FALSE),"") | H13: =IFERROR(VLOOKUP($C13,'_METADATA_TEMPLATE'!$B$2:$H$826,7,FALSE),"") | I13: =IFERROR(VLOOKUP(C13,'_METADATA_DEFAULT'!$A:$B,2,FALSE),"") -> ID Status Assignment
... A83: tcz_37526b20.base_table_assignment | B83: assignment_date_modified | C83: assignment_date_modified | D83: =IFERROR(VLOOKUP($C83,'_METADATA_TEMPLATE'!$B$2:$H$826,2,FALSE),"") | E83: =IFERROR(VLOOKUP($C83,'_METADATA_TEMPLATE'!$B$2:$H$826,4,FALSE),"") | F83: =IFERROR(VLOOKUP($C83,'_METADATA_TEMPLATE'!$B$2:$H$826,5,FALSE),"") | G83: =IFERROR(VLOOKUP($C83,'_METADATA_TEMPLATE'!$B$2:$H$826,6,FALSE),"") | H83: =IFERROR(VLOOKUP($C83,'_METADATA_TEMPLATE'!$B$2:$H$826,7,FALSE),"") | I83: =IFERROR(VLOOKUP(C83,'_METADATA_DEFAULT'!$A:$B,2,FALSE),"") -> Tanggal Assignment Terakhir Diubah

Sheet tcz_37526b20.base_table_assig_1
A1: Tabel | B1: Kolom | C1: DataKey | D1: Urutan | E1: Blok | F1: Nomor Rincian | G1: Label | H1: Tipe | I1: Keterangan
A2: tcz_37526b20.base_table_assignment_history | B2: mode | C2: mode | D2: =IFERROR(VLOOKUP($C2,'_METADATA_TEMPLATE'!$B$2:$H$826,2,FALSE),"") -> 483 | E2: =IFERROR(VLOOKUP($C2,'_METADATA_TEMPLATE'!$B$2:$H$826,4,FALSE),"") | F2: =IFERROR(VLOOKUP($C2,'_METADATA_TEMPLATE'!$B$2:$H$826,5,FALSE),"") | G2: =IFERROR(VLOOKUP($C2,'_METADATA_TEMPLATE'!$B$2:$H$826,6,FALSE),"") -> Mode | H2: =IFERROR(VLOOKUP($C2,'_METADATA_TEMPLATE'!$B$2:$H$826,7,FALSE),"") -> Variable | I2: =IFERROR(VLOOKUP(C2,'_METADATA_DEFAULT'!$A:$B,2,FALSE),"") -> Moda Survei
A3: tcz_37526b20.base_table_assignment_history | B3: assignment_id | C3: assignment_id | D3: =IFERROR(VLOOKUP($C3,'_METADATA_TEMPLATE'!$B$2:$H$826,2,FALSE),"") | E3: =IFERROR(VLOOKUP($C3,'_METADATA_TEMPLATE'!$B$2:$H$826,4,FALSE),"") | F3: =IFERROR(VLOOKUP($C3,'_METADATA_TEMPLATE'!$B$2:$H$826,5,FALSE),"") | G3: =IFERROR(VLOOKUP($C3,'_METADATA_TEMPLATE'!$B$2:$H$826,6,FALSE),"") | H3: =IFERROR(VLOOKUP($C3,'_METADATA_TEMPLATE'!$B$2:$H$826,7,FALSE),"") | I3: =IFERROR(VLOOKUP(C3,'_METADATA_DEFAULT'!$A:$B,2,FALSE),"") -> ID Assignment
A4: tcz_37526b20.base_table_assignment_history | B4: date_created | C4: date_created | D4: =IFERROR(VLOOKUP($C4,'_METADATA_TEMPLATE'!$B$2:$H$826,2,FALSE),"") | E4: =IFERROR(VLOOKUP($C4,'_METADATA_TEMPLATE'!$B$2:$H$826,4,FALSE),"") | F4: =IFERROR(VLOOKUP($C4,'_METADATA_TEMPLATE'!$B$2:$H$826,5,FALSE),"") | G4: =IFERROR(VLOOKUP($C4,'_METADATA_TEMPLATE'!$B$2:$H$826,6,FALSE),"") | H4: =IFERROR(VLOOKUP($C4,'_METADATA_TEMPLATE'!$B$2:$H$826,7,FALSE),"") | I4: =IFERROR(VLOOKUP(C4,'_METADATA_DEFAULT'!$A:$B,2,FALSE),"")
A5: tcz_37526b20.base_table_assignment_history | B5: level_1_full_code | C5: level_1_full_code | D5: =IFERROR(VLOOKUP($C5,'_METADATA_TEMPLATE'!$B$2:$H$826,2,FALSE),"") | E5: =IFERROR(VLOOKUP($C5,'_METADATA_TEMPLATE'!$B$2:$H$826,4,FALSE),"") | F5: =IFERROR(VLOOKUP($C5,'_METADATA_TEMPLATE'!$B$2:$H$826,5,FALSE),"") | G5: =IFERROR(VLOOKUP($C5,'_METADATA_TEMPLATE'!$B$2:$H$826,6,FALSE),"") | H5: =IFERROR(VLOOKUP($C5,'_METADATA_TEMPLATE'!$B$2:$H$826,7,FALSE),"") | I5: =IFERROR(VLOOKUP(C5,'_METADATA_DEFAULT'!$A:$B,2,FALSE),"") -> Kode Lengkap Provinsi
A6: tcz_37526b20.base_table_assignment_history | B6: level_2_full_code | C6: level_2_full_code | D6: =IFERROR(VLOOKUP($C6,'_METADATA_TEMPLATE'!$B$2:$H$826,2,FALSE),"") | E6: =IFERROR(VLOOKUP($C6,'_METADATA_TEMPLATE'!$B$2:$H$826,4,FALSE),"") | F6: =IFERROR(VLOOKUP($C6,'_METADATA_TEMPLATE'!$B$2:$H$826,5,FALSE),"") | G6: =IFERROR(VLOOKUP($C6,'_METADATA_TEMPLATE'!$B$2:$H$826,6,FALSE),"") | H6: =IFERROR(VLOOKUP($C6,'_METADATA_TEMPLATE'!$B$2:$H$826,7,FALSE),"") | I6: =IFERROR(VLOOKUP(C6,'_METADATA_DEFAULT'!$A:$B,2,FALSE),"") -> Kode Lengkap Kabupaten/Kota
A7: tcz_37526b20.base_table_assignment_history | B7: assignment_id_date_created | C7: assignment_id_date_created | D7: =IFERROR(VLOOKUP($C7,'_METADATA_TEMPLATE'!$B$2:$H$826,2,FALSE),"") | E7: =IFERROR(VLOOKUP($C7,'_METADATA_TEMPLATE'!$B$2:$H$826,4,FALSE),"") | F7: =IFERROR(VLOOKUP($C7,'_METADATA_TEMPLATE'!$B$2:$H$826,5,FALSE),"") | G7: =IFERROR(VLOOKUP($C7,'_METADATA_TEMPLATE'!$B$2:$H$826,6,FALSE),"") | H7: =IFERROR(VLOOKUP($C7,'_METADATA_TEMPLATE'!$B$2:$H$826,7,FALSE),"") | I7: =IFERROR(VLOOKUP(C7,'_METADATA_DEFAULT'!$A:$B,2,FALSE),"")
A8: tcz_37526b20.base_table_assignment_history | B8: assignment_id_timestamp | C8: assignment_id_timestamp | D8: =IFERROR(VLOOKUP($C8,'_METADATA_TEMPLATE'!$B$2:$H$826,2,FALSE),"") | E8: =IFERROR(VLOOKUP($C8,'_METADATA_TEMPLATE'!$B$2:$H$826,4,FALSE),"") | F8: =IFERROR(VLOOKUP($C8,'_METADATA_TEMPLATE'!$B$2:$H$826,5,FALSE),"") | G8: =IFERROR(VLOOKUP($C8,'_METADATA_TEMPLATE'!$B$2:$H$826,6,FALSE),"") | H8: =IFERROR(VLOOKUP($C8,'_METADATA_TEMPLATE'!$B$2:$H$826,7,FALSE),"") | I8: =IFERROR(VLOOKUP(C8,'_METADATA_DEFAULT'!$A:$B,2,FALSE),"") -> ID Assignment + Timestamp
A9: tcz_37526b20.base_table_assignment_history | B9: remark | C9: remark | D9: =IFERROR(VLOOKUP($C9,'_METADATA_TEMPLATE'!$B$2:$H$826,2,FALSE),"") | E9: =IFERROR(VLOOKUP($C9,'_METADATA_TEMPLATE'!$B$2:$H$826,4,FALSE),"") | F9: =IFERROR(VLOOKUP($C9,'_METADATA_TEMPLATE'!$B$2:$H$826,5,FALSE),"") | G9: =IFERROR(VLOOKUP($C9,'_METADATA_TEMPLATE'!$B$2:$H$826,6,FALSE),"") | H9: =IFERROR(VLOOKUP($C9,'_METADATA_TEMPLATE'!$B$2:$H$826,7,FALSE),"") | I9: =IFERROR(VLOOKUP(C9,'_METADATA_DEFAULT'!$A:$B,2,FALSE),"")
A10: tcz_37526b20.base_table_assignment_history | B10: user_id | C10: user_id | D10: =IFERROR(VLOOKUP($C10,'_METADATA_TEMPLATE'!$B$2:$H$826,2,FALSE),"") | E10: =IFERROR(VLOOKUP($C10,'_METADATA_TEMPLATE'!$B$2:$H$826,4,FALSE),"") | F10: =IFERROR(VLOOKUP($C10,'_METADATA_TEMPLATE'!$B$2:$H$826,5,FALSE),"") | G10: =IFERROR(VLOOKUP($C10,'_METADATA_TEMPLATE'!$B$2:$H$826,6,FALSE),"") | H10: =IFERROR(VLOOKUP($C10,'_METADATA_TEMPLATE'!$B$2:$H$826,7,FALSE),"") | I10: =IFERROR(VLOOKUP(C10,'_METADATA_DEFAULT'!$A:$B,2,FALSE),"")
A11: tcz_37526b20.base_table_assignment_history | B11: status_id | C11: status_id | D11: =IFERROR(VLOOKUP($C11,'_METADATA_TEMPLATE'!$B$2:$H$826,2,FALSE),"") | E11: =IFERROR(VLOOKUP($C11,'_METADATA_TEMPLATE'!$B$2:$H$826,4,FALSE),"") | F11: =IFERROR(VLOOKUP($C11,'_METADATA_TEMPLATE'!$B$2:$H$826,5,FALSE),"") | G11: =IFERROR(VLOOKUP($C11,'_METADATA_TEMPLATE'!$B$2:$H$826,6,FALSE),"") | H11: =IFERROR(VLOOKUP($C11,'_METADATA_TEMPLATE'!$B$2:$H$826,7,FALSE),"") | I11: =IFERROR(VLOOKUP(C11,'_METADATA_DEFAULT'!$A:$B,2,FALSE),"")
A12: tcz_37526b20.base_table_assignment_history | B12: status_alias | C12: status_alias | D12: =IFERROR(VLOOKUP($C12,'_METADATA_TEMPLATE'!$B$2:$H$826,2,FALSE),"") | E12: =IFERROR(VLOOKUP($C12,'_METADATA_TEMPLATE'!$B$2:$H$826,4,FALSE),"") | F12: =IFERROR(VLOOKUP($C12,'_METADATA_TEMPLATE'!$B$2:$H$826,5,FALSE),"") | G12: =IFERROR(VLOOKUP($C12,'_METADATA_TEMPLATE'!$B$2:$H$826,6,FALSE),"") | H12: =IFERROR(VLOOKUP($C12,'_METADATA_TEMPLATE'!$B$2:$H$826,7,FALSE),"") | I12: =IFERROR(VLOOKUP(C12,'_METADATA_DEFAULT'!$A:$B,2,FALSE),"")
A13: tcz_37526b20.base_table_assignment_history | B13: assignment_date_modified | C13: assignment_date_modified | D13: =IFERROR(VLOOKUP($C13,'_METADATA_TEMPLATE'!$B$2:$H$826,2,FALSE),"") | E13: =IFERROR(VLOOKUP($C13,'_METADATA_TEMPLATE'!$B$2:$H$826,4,FALSE),"") | F13: =IFERROR(VLOOKUP($C13,'_METADATA_TEMPLATE'!$B$2:$H$826,5,FALSE),"") | G13: =IFERROR(VLOOKUP($C13,'_METADATA_TEMPLATE'!$B$2:$H$826,6,FALSE),"") | H13: =IFERROR(VLOOKUP($C13,'_METADATA_TEMPLATE'!$B$2:$H$826,7,FALSE),"") | I13: =IFERROR(VLOOKUP(C13,'_METADATA_DEFAULT'!$A:$B,2,FALSE),"") -> Tanggal Assignment Terakhir Diubah

Sheet tcz_37526b20.base_table_assig_2
A1: Tabel | B1: Kolom | C1: DataKey | D1: Urutan | E1: Blok | F1: Nomor Rincian | G1: Label | H1: Tipe | I1: Keterangan
A2: tcz_37526b20.base_table_assignment_responsibility | B2: assignment_id | C2: assignment_id | D2: =IFERROR(VLOOKUP($C2,'_METADATA_TEMPLATE'!$B$2:$H$826,2,FALSE),"") | E2: =IFERROR(VLOOKUP($C2,'_METADATA_TEMPLATE'!$B$2:$H$826,4,FALSE),"") | F2: =IFERROR(VLOOKUP($C2,'_METADATA_TEMPLATE'!$B$2:$H$826,5,FALSE),"") | G2: =IFERROR(VLOOKUP($C2,'_METADATA_TEMPLATE'!$B$2:$H$826,6,FALSE),"") | H2: =IFERROR(VLOOKUP($C2,'_METADATA_TEMPLATE'!$B$2:$H$826,7,FALSE),"") | I2: =IFERROR(VLOOKUP(C2,'_METADATA_DEFAULT'!$A:$B,2,FALSE),"") -> ID Assignment
A3: tcz_37526b20.base_table_assignment_responsibility | B3: id | C3: id | D3: =IFERROR(VLOOKUP($C3,'_METADATA_TEMPLATE'!$B$2:$H$826,2,FALSE),"") | E3: =IFERROR(VLOOKUP($C3,'_METADATA_TEMPLATE'!$B$2:$H$826,4,FALSE),"") | F3: =IFERROR(VLOOKUP($C3,'_METADATA_TEMPLATE'!$B$2:$H$826,5,FALSE),"") | G3: =IFERROR(VLOOKUP($C3,'_METADATA_TEMPLATE'!$B$2:$H$826,6,FALSE),"") | H3: =IFERROR(VLOOKUP($C3,'_METADATA_TEMPLATE'!$B$2:$H$826,7,FALSE),"") | I3: =IFERROR(VLOOKUP(C3,'_METADATA_DEFAULT'!$A:$B,2,FALSE),"")
A4: tcz_37526b20.base_table_assignment_responsibility | B4: level_1_full_code | C4: level_1_full_code | D4: =IFERROR(VLOOKUP($C4,'_METADATA_TEMPLATE'!$B$2:$H$826,2,FALSE),"") | E4: =IFERROR(VLOOKUP($C4,'_METADATA_TEMPLATE'!$B$2:$H$826,4,FALSE),"") | F4: =IFERROR(VLOOKUP($C4,'_METADATA_TEMPLATE'!$B$2:$H$826,5,FALSE),"") | G4: =IFERROR(VLOOKUP($C4,'_METADATA_TEMPLATE'!$B$2:$H$826,6,FALSE),"") | H4: =IFERROR(VLOOKUP($C4,'_METADATA_TEMPLATE'!$B$2:$H$826,7,FALSE),"") | I4: =IFERROR(VLOOKUP(C4,'_METADATA_DEFAULT'!$A:$B,2,FALSE),"") -> Kode Lengkap Provinsi
A5: tcz_37526b20.base_table_assignment_responsibility | B5: level_2_full_code | C5: level_2_full_code | D5: =IFERROR(VLOOKUP($C5,'_METADATA_TEMPLATE'!$B$2:$H$826,2,FALSE),"") | E5: =IFERROR(VLOOKUP($C5,'_METADATA_TEMPLATE'!$B$2:$H$826,4,FALSE),"") | F5: =IFERROR(VLOOKUP($C5,'_METADATA_TEMPLATE'!$B$2:$H$826,5,FALSE),"") | G5: =IFERROR(VLOOKUP($C5,'_METADATA_TEMPLATE'!$B$2:$H$826,6,FALSE),"") | H5: =IFERROR(VLOOKUP($C5,'_METADATA_TEMPLATE'!$B$2:$H$826,7,FALSE),"") | I5: =IFERROR(VLOOKUP(C5,'_METADATA_DEFAULT'!$A:$B,2,FALSE),"") -> Kode Lengkap Kabupaten/Kota
A6: tcz_37526b20.base_table_assignment_responsibility | B6: assignment_id_timestamp | C6: assignment_id_timestamp | D6: =IFERROR(VLOOKUP($C6,'_METADATA_TEMPLATE'!$B$2:$H$826,2,FALSE),"") | E6: =IFERROR(VLOOKUP($C6,'_METADATA_TEMPLATE'!$B$2:$H$826,4,FALSE),"") | F6: =IFERROR(VLOOKUP($C6,'_METADATA_TEMPLATE'!$B$2:$H$826,5,FALSE),"") | G6: =IFERROR(VLOOKUP($C6,'_METADATA_TEMPLATE'!$B$2:$H$826,6,FALSE),"") | H6: =IFERROR(VLOOKUP($C6,'_METADATA_TEMPLATE'!$B$2:$H$826,7,FALSE),"") | I6: =IFERROR(VLOOKUP(C6,'_METADATA_DEFAULT'!$A:$B,2,FALSE),"") -> ID Assignment + Timestamp
A7: tcz_37526b20.base_table_assignment_responsibility | B7: survey_user_before_id | C7: survey_user_before_id | D7: =IFERROR(VLOOKUP($C7,'_METADATA_TEMPLATE'!$B$2:$H$826,2,FALSE),"") | E7: =IFERROR(VLOOKUP($C7,'_METADATA_TEMPLATE'!$B$2:$H$826,4,FALSE),"") | F7: =IFERROR(VLOOKUP($C7,'_METADATA_TEMPLATE'!$B$2:$H$826,5,FALSE),"") | G7: =IFERROR(VLOOKUP($C7,'_METADATA_TEMPLATE'!$B$2:$H$826,6,FALSE),"") | H7: =IFERROR(VLOOKUP($C7,'_METADATA_TEMPLATE'!$B$2:$H$826,7,FALSE),"") | I7: =IFERROR(VLOOKUP(C7,'_METADATA_DEFAULT'!$A:$B,2,FALSE),"")
A8: tcz_37526b20.base_table_assignment_responsibility | B8: survey_user_current_id | C8: survey_user_current_id | D8: =IFERROR(VLOOKUP($C8,'_METADATA_TEMPLATE'!$B$2:$H$826,2,FALSE),"") | E8: =IFERROR(VLOOKUP($C8,'_METADATA_TEMPLATE'!$B$2:$H$826,4,FALSE),"") | F8: =IFERROR(VLOOKUP($C8,'_METADATA_TEMPLATE'!$B$2:$H$826,5,FALSE),"") | G8: =IFERROR(VLOOKUP($C8,'_METADATA_TEMPLATE'!$B$2:$H$826,6,FALSE),"") | H8: =IFERROR(VLOOKUP($C8,'_METADATA_TEMPLATE'!$B$2:$H$826,7,FALSE),"") | I8: =IFERROR(VLOOKUP(C8,'_METADATA_DEFAULT'!$A:$B,2,FALSE),"")
A9: tcz_37526b20.base_table_assignment_responsibility | B9: assignment_responsibility_status_id | C9: assignment_responsibility_status_id | D9: =IFERROR(VLOOKUP($C9,'_METADATA_TEMPLATE'!$B$2:$H$826,2,FALSE),"") | E9: =IFERROR(VLOOKUP($C9,'_METADATA_TEMPLATE'!$B$2:$H$826,4,FALSE),"") | F9: =IFERROR(VLOOKUP($C9,'_METADATA_TEMPLATE'!$B$2:$H$826,5,FALSE),"") | G9: =IFERROR(VLOOKUP($C9,'_METADATA_TEMPLATE'!$B$2:$H$826,6,FALSE),"") | H9: =IFERROR(VLOOKUP($C9,'_METADATA_TEMPLATE'!$B$2:$H$826,7,FALSE),"") | I9: =IFERROR(VLOOKUP(C9,'_METADATA_DEFAULT'!$A:$B,2,FALSE),"")
A10: tcz_37526b20.base_table_assignment_responsibility | B10: date_created | C10: date_created | D10: =IFERROR(VLOOKUP($C10,'_METADATA_TEMPLATE'!$B$2:$H$826,2,FALSE),"") | E10: =IFERROR(VLOOKUP($C10,'_METADATA_TEMPLATE'!$B$2:$H$826,4,FALSE),"") | F10: =IFERROR(VLOOKUP($C10,'_METADATA_TEMPLATE'!$B$2:$H$826,5,FALSE),"") | G10: =IFERROR(VLOOKUP($C10,'_METADATA_TEMPLATE'!$B$2:$H$826,6,FALSE),"") | H10: =IFERROR(VLOOKUP($C10,'_METADATA_TEMPLATE'!$B$2:$H$826,7,FALSE),"") | I10: =IFERROR(VLOOKUP(C10,'_METADATA_DEFAULT'!$A:$B,2,FALSE),"")
A11: tcz_37526b20.base_table_assignment_responsibility | B11: is_active | C11: is_active | D11: =IFERROR(VLOOKUP($C11,'_METADATA_TEMPLATE'!$B$2:$H$826,2,FALSE),"") | E11: =IFERROR(VLOOKUP($C11,'_METADATA_TEMPLATE'!$B$2:$H$826,4,FALSE),"") | F11: =IFERROR(VLOOKUP($C11,'_METADATA_TEMPLATE'!$B$2:$H$826,5,FALSE),"") | G11: =IFERROR(VLOOKUP($C11,'_METADATA_TEMPLATE'!$B$2:$H$826,6,FALSE),"") | H11: =IFERROR(VLOOKUP($C11,'_METADATA_TEMPLATE'!$B$2:$H$826,7,FALSE),"") | I11: =IFERROR(VLOOKUP(C11,'_METADATA_DEFAULT'!$A:$B,2,FALSE),"") -> 1 = Aktif, 0 = Dihapus
A12: tcz_37526b20.base_table_assignment_responsibility | B12: before_user_id | C12: before_user_id | D12: =IFERROR(VLOOKUP($C12,'_METADATA_TEMPLATE'!$B$2:$H$826,2,FALSE),"") | E12: =IFERROR(VLOOKUP($C12,'_METADATA_TEMPLATE'!$B$2:$H$826,4,FALSE),"") | F12: =IFERROR(VLOOKUP($C12,'_METADATA_TEMPLATE'!$B$2:$H$826,5,FALSE),"") | G12: =IFERROR(VLOOKUP($C12,'_METADATA_TEMPLATE'!$B$2:$H$826,6,FALSE),"") | H12: =IFERROR(VLOOKUP($C12,'_METADATA_TEMPLATE'!$B$2:$H$826,7,FALSE),"") | I12: =IFERROR(VLOOKUP(C12,'_METADATA_DEFAULT'!$A:$B,2,FALSE),"")
A13: tcz_37526b20.base_table_assignment_responsibility | B13: before_survey_role_id | C13: before_survey_role_id | D13: =IFERROR(VLOOKUP($C13,'_METADATA_TEMPLATE'!$B$2:$H$826,2,FALSE),"") | E13: =IFERROR(VLOOKUP($C13,'_METADATA_TEMPLATE'!$B$2:$H$826,4,FALSE),"") | F13: =IFERROR(VLOOKUP($C13,'_METADATA_TEMPLATE'!$B$2:$H$826,5,FALSE),"") | G13: =IFERROR(VLOOKUP($C13,'_METADATA_TEMPLATE'!$B$2:$H$826,6,FALSE),"") | H13: =IFERROR(VLOOKUP($C13,'_METADATA_TEMPLATE'!$B$2:$H$826,7,FALSE),"") | I13: =IFERROR(VLOOKUP(C13,'_METADATA_DEFAULT'!$A:$B,2,FALSE),"")
... A27: tcz_37526b20.base_table_assignment_responsibility | B27: assignment_date_modified | C27: assignment_date_modified | D27: =IFERROR(VLOOKUP($C27,'_METADATA_TEMPLATE'!$B$2:$H$826,2,FALSE),"") | E27: =IFERROR(VLOOKUP($C27,'_METADATA_TEMPLATE'!$B$2:$H$826,4,FALSE),"") | F27: =IFERROR(VLOOKUP($C27,'_METADATA_TEMPLATE'!$B$2:$H$826,5,FALSE),"") | G27: =IFERROR(VLOOKUP($C27,'_METADATA_TEMPLATE'!$B$2:$H$826,6,FALSE),"") | H27: =IFERROR(VLOOKUP($C27,'_METADATA_TEMPLATE'!$B$2:$H$826,7,FALSE),"") | I27: =IFERROR(VLOOKUP(C27,'_METADATA_DEFAULT'!$A:$B,2,FALSE),"") -> Tanggal Assignment Terakhir Diubah

Sheet tcz_37526b20.base_table_paradat
A1: Tabel | B1: Kolom | C1: DataKey | D1: Urutan | E1: Blok | F1: Nomor Rincian | G1: Label | H1: Tipe | I1: Keterangan
A2: tcz_37526b20.base_table_paradata_action_log | B2: assignment_id | C2: assignment_id | D2: =IFERROR(VLOOKUP($C2,'_METADATA_TEMPLATE'!$B$2:$H$826,2,FALSE),"") | E2: =IFERROR(VLOOKUP($C2,'_METADATA_TEMPLATE'!$B$2:$H$826,4,FALSE),"") | F2: =IFERROR(VLOOKUP($C2,'_METADATA_TEMPLATE'!$B$2:$H$826,5,FALSE),"") | G2: =IFERROR(VLOOKUP($C2,'_METADATA_TEMPLATE'!$B$2:$H$826,6,FALSE),"") | H2: =IFERROR(VLOOKUP($C2,'_METADATA_TEMPLATE'!$B$2:$H$826,7,FALSE),"") | I2: =IFERROR(VLOOKUP(C2,'_METADATA_DEFAULT'!$A:$B,2,FALSE),"") -> ID Assignment
A3: tcz_37526b20.base_table_paradata_action_log | B3: timestamp | C3: timestamp | D3: =IFERROR(VLOOKUP($C3,'_METADATA_TEMPLATE'!$B$2:$H$826,2,FALSE),"") | E3: =IFERROR(VLOOKUP($C3,'_METADATA_TEMPLATE'!$B$2:$H$826,4,FALSE),"") | F3: =IFERROR(VLOOKUP($C3,'_METADATA_TEMPLATE'!$B$2:$H$826,5,FALSE),"") | G3: =IFERROR(VLOOKUP($C3,'_METADATA_TEMPLATE'!$B$2:$H$826,6,FALSE),"") | H3: =IFERROR(VLOOKUP($C3,'_METADATA_TEMPLATE'!$B$2:$H$826,7,FALSE),"") | I3: =IFERROR(VLOOKUP(C3,'_METADATA_DEFAULT'!$A:$B,2,FALSE),"")
A4: tcz_37526b20.base_table_paradata_action_log | B4: level_1_full_code | C4: level_1_full_code | D4: =IFERROR(VLOOKUP($C4,'_METADATA_TEMPLATE'!$B$2:$H$826,2,FALSE),"") | E4: =IFERROR(VLOOKUP($C4,'_METADATA_TEMPLATE'!$B$2:$H$826,4,FALSE),"") | F4: =IFERROR(VLOOKUP($C4,'_METADATA_TEMPLATE'!$B$2:$H$826,5,FALSE),"") | G4: =IFERROR(VLOOKUP($C4,'_METADATA_TEMPLATE'!$B$2:$H$826,6,FALSE),"") | H4: =IFERROR(VLOOKUP($C4,'_METADATA_TEMPLATE'!$B$2:$H$826,7,FALSE),"") | I4: =IFERROR(VLOOKUP(C4,'_METADATA_DEFAULT'!$A:$B,2,FALSE),"") -> Kode Lengkap Provinsi
A5: tcz_37526b20.base_table_paradata_action_log | B5: level_2_full_code | C5: level_2_full_code | D5: =IFERROR(VLOOKUP($C5,'_METADATA_TEMPLATE'!$B$2:$H$826,2,FALSE),"") | E5: =IFERROR(VLOOKUP($C5,'_METADATA_TEMPLATE'!$B$2:$H$826,4,FALSE),"") | F5: =IFERROR(VLOOKUP($C5,'_METADATA_TEMPLATE'!$B$2:$H$826,5,FALSE),"") | G5: =IFERROR(VLOOKUP($C5,'_METADATA_TEMPLATE'!$B$2:$H$826,6,FALSE),"") | H5: =IFERROR(VLOOKUP($C5,'_METADATA_TEMPLATE'!$B$2:$H$826,7,FALSE),"") | I5: =IFERROR(VLOOKUP(C5,'_METADATA_DEFAULT'!$A:$B,2,FALSE),"") -> Kode Lengkap Kabupaten/Kota
A6: tcz_37526b20.base_table_paradata_action_log | B6: assignment_id_timestamp | C6: assignment_id_timestamp | D6: =IFERROR(VLOOKUP($C6,'_METADATA_TEMPLATE'!$B$2:$H$826,2,FALSE),"") | E6: =IFERROR(VLOOKUP($C6,'_METADATA_TEMPLATE'!$B$2:$H$826,4,FALSE),"") | F6: =IFERROR(VLOOKUP($C6,'_METADATA_TEMPLATE'!$B$2:$H$826,5,FALSE),"") | G6: =IFERROR(VLOOKUP($C6,'_METADATA_TEMPLATE'!$B$2:$H$826,6,FALSE),"") | H6: =IFERROR(VLOOKUP($C6,'_METADATA_TEMPLATE'!$B$2:$H$826,7,FALSE),"") | I6: =IFERROR(VLOOKUP(C6,'_METADATA_DEFAULT'!$A:$B,2,FALSE),"") -> ID Assignment + Timestamp
A7: tcz_37526b20.base_table_paradata_action_log | B7: action | C7: action | D7: =IFERROR(VLOOKUP($C7,'_METADATA_TEMPLATE'!$B$2:$H$826,2,FALSE),"") | E7: =IFERROR(VLOOKUP($C7,'_METADATA_TEMPLATE'!$B$2:$H$826,4,FALSE),"") | F7: =IFERROR(VLOOKUP($C7,'_METADATA_TEMPLATE'!$B$2:$H$826,5,FALSE),"") | G7: =IFERROR(VLOOKUP($C7,'_METADATA_TEMPLATE'!$B$2:$H$826,6,FALSE),"") | H7: =IFERROR(VLOOKUP($C7,'_METADATA_TEMPLATE'!$B$2:$H$826,7,FALSE),"") | I7: =IFERROR(VLOOKUP(C7,'_METADATA_DEFAULT'!$A:$B,2,FALSE),"")
A8: tcz_37526b20.base_table_paradata_action_log | B8: action_log_index | C8: action_log_index | D8: =IFERROR(VLOOKUP($C8,'_METADATA_TEMPLATE'!$B$2:$H$826,2,FALSE),"") | E8: =IFERROR(VLOOKUP($C8,'_METADATA_TEMPLATE'!$B$2:$H$826,4,FALSE),"") | F8: =IFERROR(VLOOKUP($C8,'_METADATA_TEMPLATE'!$B$2:$H$826,5,FALSE),"") | G8: =IFERROR(VLOOKUP($C8,'_METADATA_TEMPLATE'!$B$2:$H$826,6,FALSE),"") | H8: =IFERROR(VLOOKUP($C8,'_METADATA_TEMPLATE'!$B$2:$H$826,7,FALSE),"") | I8: =IFERROR(VLOOKUP(C8,'_METADATA_DEFAULT'!$A:$B,2,FALSE),"")
A9: tcz_37526b20.base_table_paradata_action_log | B9: battery_info_battery_level | C9: battery_info_battery_level | D9: =IFERROR(VLOOKUP($C9,'_METADATA_TEMPLATE'!$B$2:$H$826,2,FALSE),"") | E9: =IFERROR(VLOOKUP($C9,'_METADATA_TEMPLATE'!$B$2:$H$826,4,FALSE),"") | F9: =IFERROR(VLOOKUP($C9,'_METADATA_TEMPLATE'!$B$2:$H$826,5,FALSE),"") | G9: =IFERROR(VLOOKUP($C9,'_METADATA_TEMPLATE'!$B$2:$H$826,6,FALSE),"") | H9: =IFERROR(VLOOKUP($C9,'_METADATA_TEMPLATE'!$B$2:$H$826,7,FALSE),"") | I9: =IFERROR(VLOOKUP(C9,'_METADATA_DEFAULT'!$A:$B,2,FALSE),"")
A10: tcz_37526b20.base_table_paradata_action_log | B10: battery_info_battery_temperature | C10: battery_info_battery_temperature | D10: =IFERROR(VLOOKUP($C10,'_METADATA_TEMPLATE'!$B$2:$H$826,2,FALSE),"") | E10: =IFERROR(VLOOKUP($C10,'_METADATA_TEMPLATE'!$B$2:$H$826,4,FALSE),"") | F10: =IFERROR(VLOOKUP($C10,'_METADATA_TEMPLATE'!$B$2:$H$826,5,FALSE),"") | G10: =IFERROR(VLOOKUP($C10,'_METADATA_TEMPLATE'!$B$2:$H$826,6,FALSE),"") | H10: =IFERROR(VLOOKUP($C10,'_METADATA_TEMPLATE'!$B$2:$H$826,7,FALSE),"") | I10: =IFERROR(VLOOKUP(C10,'_METADATA_DEFAULT'!$A:$B,2,FALSE),"")
A11: tcz_37526b20.base_table_paradata_action_log | B11: is_mock | C11: is_mock | D11: =IFERROR(VLOOKUP($C11,'_METADATA_TEMPLATE'!$B$2:$H$826,2,FALSE),"") | E11: =IFERROR(VLOOKUP($C11,'_METADATA_TEMPLATE'!$B$2:$H$826,4,FALSE),"") | F11: =IFERROR(VLOOKUP($C11,'_METADATA_TEMPLATE'!$B$2:$H$826,5,FALSE),"") | G11: =IFERROR(VLOOKUP($C11,'_METADATA_TEMPLATE'!$B$2:$H$826,6,FALSE),"") | H11: =IFERROR(VLOOKUP($C11,'_METADATA_TEMPLATE'!$B$2:$H$826,7,FALSE),"") | I11: =IFERROR(VLOOKUP(C11,'_METADATA_DEFAULT'!$A:$B,2,FALSE),"")
A12: tcz_37526b20.base_table_paradata_action_log | B12: latitude | C12: latitude | D12: =IFERROR(VLOOKUP($C12,'_METADATA_TEMPLATE'!$B$2:$H$826,2,FALSE),"") | E12: =IFERROR(VLOOKUP($C12,'_METADATA_TEMPLATE'!$B$2:$H$826,4,FALSE),"") | F12: =IFERROR(VLOOKUP($C12,'_METADATA_TEMPLATE'!$B$2:$H$826,5,FALSE),"") | G12: =IFERROR(VLOOKUP($C12,'_METADATA_TEMPLATE'!$B$2:$H$826,6,FALSE),"") | H12: =IFERROR(VLOOKUP($C12,'_METADATA_TEMPLATE'!$B$2:$H$826,7,FALSE),"") | I12: =IFERROR(VLOOKUP(C12,'_METADATA_DEFAULT'!$A:$B,2,FALSE),"")
A13: tcz_37526b20.base_table_paradata_action_log | B13: longitude | C13: longitude | D13: =IFERROR(VLOOKUP($C13,'_METADATA_TEMPLATE'!$B$2:$H$826,2,FALSE),"") | E13: =IFERROR(VLOOKUP($C13,'_METADATA_TEMPLATE'!$B$2:$H$826,4,FALSE),"") | F13: =IFERROR(VLOOKUP($C13,'_METADATA_TEMPLATE'!$B$2:$H$826,5,FALSE),"") | G13: =IFERROR(VLOOKUP($C13,'_METADATA_TEMPLATE'!$B$2:$H$826,6,FALSE),"") | H13: =IFERROR(VLOOKUP($C13,'_METADATA_TEMPLATE'!$B$2:$H$826,7,FALSE),"") | I13: =IFERROR(VLOOKUP(C13,'_METADATA_DEFAULT'!$A:$B,2,FALSE),"")
... A16: tcz_37526b20.base_table_paradata_action_log | B16: assignment_date_modified | C16: assignment_date_modified | D16: =IFERROR(VLOOKUP($C16,'_METADATA_TEMPLATE'!$B$2:$H$826,2,FALSE),"") | E16: =IFERROR(VLOOKUP($C16,'_METADATA_TEMPLATE'!$B$2:$H$826,4,FALSE),"") | F16: =IFERROR(VLOOKUP($C16,'_METADATA_TEMPLATE'!$B$2:$H$826,5,FALSE),"") | G16: =IFERROR(VLOOKUP($C16,'_METADATA_TEMPLATE'!$B$2:$H$826,6,FALSE),"") | H16: =IFERROR(VLOOKUP($C16,'_METADATA_TEMPLATE'!$B$2:$H$826,7,FALSE),"") | I16: =IFERROR(VLOOKUP(C16,'_METADATA_DEFAULT'!$A:$B,2,FALSE),"") -> Tanggal Assignment Terakhir Diubah

Sheet tcz_37526b20.base_table_user_al
A1: Tabel | B1: Kolom | C1: DataKey | D1: Urutan | E1: Blok | F1: Nomor Rincian | G1: Label | H1: Tipe | I1: Keterangan
A2: tcz_37526b20.base_table_user_allocation | B2: email | C2: email | D2: =IFERROR(VLOOKUP($C2,'_METADATA_TEMPLATE'!$B$2:$H$826,2,FALSE),"") -> 131 | E2: =IFERROR(VLOOKUP($C2,'_METADATA_TEMPLATE'!$B$2:$H$826,4,FALSE),"") -> SE2026 - L BLOK II | F2: =IFERROR(VLOOKUP($C2,'_METADATA_TEMPLATE'!$B$2:$H$826,5,FALSE),"") | G2: =IFERROR(VLOOKUP($C2,'_METADATA_TEMPLATE'!$B$2:$H$826,6,FALSE),"") -> • Email | H2: =IFERROR(VLOOKUP($C2,'_METADATA_TEMPLATE'!$B$2:$H$826,7,FALSE),"") -> Text Input | I2: =IFERROR(VLOOKUP(C2,'_METADATA_DEFAULT'!$A:$B,2,FALSE),"")
A3: tcz_37526b20.base_table_user_allocation | B3: id | C3: id | D3: =IFERROR(VLOOKUP($C3,'_METADATA_TEMPLATE'!$B$2:$H$826,2,FALSE),"") | E3: =IFERROR(VLOOKUP($C3,'_METADATA_TEMPLATE'!$B$2:$H$826,4,FALSE),"") | F3: =IFERROR(VLOOKUP($C3,'_METADATA_TEMPLATE'!$B$2:$H$826,5,FALSE),"") | G3: =IFERROR(VLOOKUP($C3,'_METADATA_TEMPLATE'!$B$2:$H$826,6,FALSE),"") | H3: =IFERROR(VLOOKUP($C3,'_METADATA_TEMPLATE'!$B$2:$H$826,7,FALSE),"") | I3: =IFERROR(VLOOKUP(C3,'_METADATA_DEFAULT'!$A:$B,2,FALSE),"")
A4: tcz_37526b20.base_table_user_allocation | B4: allocation_id | C4: allocation_id | D4: =IFERROR(VLOOKUP($C4,'_METADATA_TEMPLATE'!$B$2:$H$826,2,FALSE),"") | E4: =IFERROR(VLOOKUP($C4,'_METADATA_TEMPLATE'!$B$2:$H$826,4,FALSE),"") | F4: =IFERROR(VLOOKUP($C4,'_METADATA_TEMPLATE'!$B$2:$H$826,5,FALSE),"") | G4: =IFERROR(VLOOKUP($C4,'_METADATA_TEMPLATE'!$B$2:$H$826,6,FALSE),"") | H4: =IFERROR(VLOOKUP($C4,'_METADATA_TEMPLATE'!$B$2:$H$826,7,FALSE),"") | I4: =IFERROR(VLOOKUP(C4,'_METADATA_DEFAULT'!$A:$B,2,FALSE),"")
A5: tcz_37526b20.base_table_user_allocation | B5: assignment_id_timestamp | C5: assignment_id_timestamp | D5: =IFERROR(VLOOKUP($C5,'_METADATA_TEMPLATE'!$B$2:$H$826,2,FALSE),"") | E5: =IFERROR(VLOOKUP($C5,'_METADATA_TEMPLATE'!$B$2:$H$826,4,FALSE),"") | F5: =IFERROR(VLOOKUP($C5,'_METADATA_TEMPLATE'!$B$2:$H$826,5,FALSE),"") | G5: =IFERROR(VLOOKUP($C5,'_METADATA_TEMPLATE'!$B$2:$H$826,6,FALSE),"") | H5: =IFERROR(VLOOKUP($C5,'_METADATA_TEMPLATE'!$B$2:$H$826,7,FALSE),"") | I5: =IFERROR(VLOOKUP(C5,'_METADATA_DEFAULT'!$A:$B,2,FALSE),"") -> ID Assignment + Timestamp
A6: tcz_37526b20.base_table_user_allocation | B6: blocks | C6: blocks | D6: =IFERROR(VLOOKUP($C6,'_METADATA_TEMPLATE'!$B$2:$H$826,2,FALSE),"") | E6: =IFERROR(VLOOKUP($C6,'_METADATA_TEMPLATE'!$B$2:$H$826,4,FALSE),"") | F6: =IFERROR(VLOOKUP($C6,'_METADATA_TEMPLATE'!$B$2:$H$826,5,FALSE),"") | G6: =IFERROR(VLOOKUP($C6,'_METADATA_TEMPLATE'!$B$2:$H$826,6,FALSE),"") | H6: =IFERROR(VLOOKUP($C6,'_METADATA_TEMPLATE'!$B$2:$H$826,7,FALSE),"") | I6: =IFERROR(VLOOKUP(C6,'_METADATA_DEFAULT'!$A:$B,2,FALSE),"")
A7: tcz_37526b20.base_table_user_allocation | B7: fullname | C7: fullname | D7: =IFERROR(VLOOKUP($C7,'_METADATA_TEMPLATE'!$B$2:$H$826,2,FALSE),"") | E7: =IFERROR(VLOOKUP($C7,'_METADATA_TEMPLATE'!$B$2:$H$826,4,FALSE),"") | F7: =IFERROR(VLOOKUP($C7,'_METADATA_TEMPLATE'!$B$2:$H$826,5,FALSE),"") | G7: =IFERROR(VLOOKUP($C7,'_METADATA_TEMPLATE'!$B$2:$H$826,6,FALSE),"") | H7: =IFERROR(VLOOKUP($C7,'_METADATA_TEMPLATE'!$B$2:$H$826,7,FALSE),"") | I7: =IFERROR(VLOOKUP(C7,'_METADATA_DEFAULT'!$A:$B,2,FALSE),"")
A8: tcz_37526b20.base_table_user_allocation | B8: region_id | C8: region_id | D8: =IFERROR(VLOOKUP($C8,'_METADATA_TEMPLATE'!$B$2:$H$826,2,FALSE),"") | E8: =IFERROR(VLOOKUP($C8,'_METADATA_TEMPLATE'!$B$2:$H$826,4,FALSE),"") | F8: =IFERROR(VLOOKUP($C8,'_METADATA_TEMPLATE'!$B$2:$H$826,5,FALSE),"") | G8: =IFERROR(VLOOKUP($C8,'_METADATA_TEMPLATE'!$B$2:$H$826,6,FALSE),"") | H8: =IFERROR(VLOOKUP($C8,'_METADATA_TEMPLATE'!$B$2:$H$826,7,FALSE),"") | I8: =IFERROR(VLOOKUP(C8,'_METADATA_DEFAULT'!$A:$B,2,FALSE),"")
A9: tcz_37526b20.base_table_user_allocation | B9: role_sequence | C9: role_sequence | D9: =IFERROR(VLOOKUP($C9,'_METADATA_TEMPLATE'!$B$2:$H$826,2,FALSE),"") | E9: =IFERROR(VLOOKUP($C9,'_METADATA_TEMPLATE'!$B$2:$H$826,4,FALSE),"") | F9: =IFERROR(VLOOKUP($C9,'_METADATA_TEMPLATE'!$B$2:$H$826,5,FALSE),"") | G9: =IFERROR(VLOOKUP($C9,'_METADATA_TEMPLATE'!$B$2:$H$826,6,FALSE),"") | H9: =IFERROR(VLOOKUP($C9,'_METADATA_TEMPLATE'!$B$2:$H$826,7,FALSE),"") | I9: =IFERROR(VLOOKUP(C9,'_METADATA_DEFAULT'!$A:$B,2,FALSE),"")
A10: tcz_37526b20.base_table_user_allocation | B10: role_description | C10: role_description | D10: =IFERROR(VLOOKUP($C10,'_METADATA_TEMPLATE'!$B$2:$H$826,2,FALSE),"") | E10: =IFERROR(VLOOKUP($C10,'_METADATA_TEMPLATE'!$B$2:$H$826,4,FALSE),"") | F10: =IFERROR(VLOOKUP($C10,'_METADATA_TEMPLATE'!$B$2:$H$826,5,FALSE),"") | G10: =IFERROR(VLOOKUP($C10,'_METADATA_TEMPLATE'!$B$2:$H$826,6,FALSE),"") | H10: =IFERROR(VLOOKUP($C10,'_METADATA_TEMPLATE'!$B$2:$H$826,7,FALSE),"") | I10: =IFERROR(VLOOKUP(C10,'_METADATA_DEFAULT'!$A:$B,2,FALSE),"")
A11: tcz_37526b20.base_table_user_allocation | B11: survey_role_id | C11: survey_role_id | D11: =IFERROR(VLOOKUP($C11,'_METADATA_TEMPLATE'!$B$2:$H$826,2,FALSE),"") | E11: =IFERROR(VLOOKUP($C11,'_METADATA_TEMPLATE'!$B$2:$H$826,4,FALSE),"") | F11: =IFERROR(VLOOKUP($C11,'_METADATA_TEMPLATE'!$B$2:$H$826,5,FALSE),"") | G11: =IFERROR(VLOOKUP($C11,'_METADATA_TEMPLATE'!$B$2:$H$826,6,FALSE),"") | H11: =IFERROR(VLOOKUP($C11,'_METADATA_TEMPLATE'!$B$2:$H$826,7,FALSE),"") | I11: =IFERROR(VLOOKUP(C11,'_METADATA_DEFAULT'!$A:$B,2,FALSE),"")
A12: tcz_37526b20.base_table_user_allocation | B12: survey_period_id | C12: survey_period_id | D12: =IFERROR(VLOOKUP($C12,'_METADATA_TEMPLATE'!$B$2:$H$826,2,FALSE),"") | E12: =IFERROR(VLOOKUP($C12,'_METADATA_TEMPLATE'!$B$2:$H$826,4,FALSE),"") | F12: =IFERROR(VLOOKUP($C12,'_METADATA_TEMPLATE'!$B$2:$H$826,5,FALSE),"") | G12: =IFERROR(VLOOKUP($C12,'_METADATA_TEMPLATE'!$B$2:$H$826,6,FALSE),"") | H12: =IFERROR(VLOOKUP($C12,'_METADATA_TEMPLATE'!$B$2:$H$826,7,FALSE),"") | I12: =IFERROR(VLOOKUP(C12,'_METADATA_DEFAULT'!$A:$B,2,FALSE),"") -> ID Periode Survei
A13: tcz_37526b20.base_table_user_allocation | B13: survey_role_group_id | C13: survey_role_group_id | D13: =IFERROR(VLOOKUP($C13,'_METADATA_TEMPLATE'!$B$2:$H$826,2,FALSE),"") | E13: =IFERROR(VLOOKUP($C13,'_METADATA_TEMPLATE'!$B$2:$H$826,4,FALSE),"") | F13: =IFERROR(VLOOKUP($C13,'_METADATA_TEMPLATE'!$B$2:$H$826,5,FALSE),"") | G13: =IFERROR(VLOOKUP($C13,'_METADATA_TEMPLATE'!$B$2:$H$826,6,FALSE),"") | H13: =IFERROR(VLOOKUP($C13,'_METADATA_TEMPLATE'!$B$2:$H$826,7,FALSE),"") | I13: =IFERROR(VLOOKUP(C13,'_METADATA_DEFAULT'!$A:$B,2,FALSE),"")
... A20: tcz_37526b20.base_table_user_allocation | B20: updated_at | C20: updated_at | D20: =IFERROR(VLOOKUP($C20,'_METADATA_TEMPLATE'!$B$2:$H$826,2,FALSE),"") | E20: =IFERROR(VLOOKUP($C20,'_METADATA_TEMPLATE'!$B$2:$H$826,4,FALSE),"") | F20: =IFERROR(VLOOKUP($C20,'_METADATA_TEMPLATE'!$B$2:$H$826,5,FALSE),"") | G20: =IFERROR(VLOOKUP($C20,'_METADATA_TEMPLATE'!$B$2:$H$826,6,FALSE),"") | H20: =IFERROR(VLOOKUP($C20,'_METADATA_TEMPLATE'!$B$2:$H$826,7,FALSE),"") | I20: =IFERROR(VLOOKUP(C20,'_METADATA_DEFAULT'!$A:$B,2,FALSE),"")

Sheet tcz_37526b20.base_table_user__1
A1: Tabel | B1: Kolom | C1: DataKey | D1: Urutan | E1: Blok | F1: Nomor Rincian | G1: Label | H1: Tipe | I1: Keterangan
A2: tcz_37526b20.base_table_user_allocation_new | B2: email | C2: email | D2: =IFERROR(VLOOKUP($C2,'_METADATA_TEMPLATE'!$B$2:$H$826,2,FALSE),"") -> 131 | E2: =IFERROR(VLOOKUP($C2,'_METADATA_TEMPLATE'!$B$2:$H$826,4,FALSE),"") -> SE2026 - L BLOK II | F2: =IFERROR(VLOOKUP($C2,'_METADATA_TEMPLATE'!$B$2:$H$826,5,FALSE),"") | G2: =IFERROR(VLOOKUP($C2,'_METADATA_TEMPLATE'!$B$2:$H$826,6,FALSE),"") -> • Email | H2: =IFERROR(VLOOKUP($C2,'_METADATA_TEMPLATE'!$B$2:$H$826,7,FALSE),"") -> Text Input | I2: =IFERROR(VLOOKUP(C2,'_METADATA_DEFAULT'!$A:$B,2,FALSE),"")
A3: tcz_37526b20.base_table_user_allocation_new | B3: level_1_full_code | C3: level_1_full_code | D3: =IFERROR(VLOOKUP($C3,'_METADATA_TEMPLATE'!$B$2:$H$826,2,FALSE),"") | E3: =IFERROR(VLOOKUP($C3,'_METADATA_TEMPLATE'!$B$2:$H$826,4,FALSE),"") | F3: =IFERROR(VLOOKUP($C3,'_METADATA_TEMPLATE'!$B$2:$H$826,5,FALSE),"") | G3: =IFERROR(VLOOKUP($C3,'_METADATA_TEMPLATE'!$B$2:$H$826,6,FALSE),"") | H3: =IFERROR(VLOOKUP($C3,'_METADATA_TEMPLATE'!$B$2:$H$826,7,FALSE),"") | I3: =IFERROR(VLOOKUP(C3,'_METADATA_DEFAULT'!$A:$B,2,FALSE),"") -> Kode Lengkap Provinsi
A4: tcz_37526b20.base_table_user_allocation_new | B4: level_2_full_code | C4: level_2_full_code | D4: =IFERROR(VLOOKUP($C4,'_METADATA_TEMPLATE'!$B$2:$H$826,2,FALSE),"") | E4: =IFERROR(VLOOKUP($C4,'_METADATA_TEMPLATE'!$B$2:$H$826,4,FALSE),"") | F4: =IFERROR(VLOOKUP($C4,'_METADATA_TEMPLATE'!$B$2:$H$826,5,FALSE),"") | G4: =IFERROR(VLOOKUP($C4,'_METADATA_TEMPLATE'!$B$2:$H$826,6,FALSE),"") | H4: =IFERROR(VLOOKUP($C4,'_METADATA_TEMPLATE'!$B$2:$H$826,7,FALSE),"") | I4: =IFERROR(VLOOKUP(C4,'_METADATA_DEFAULT'!$A:$B,2,FALSE),"") -> Kode Lengkap Kabupaten/Kota
A5: tcz_37526b20.base_table_user_allocation_new | B5: user_id | C5: user_id | D5: =IFERROR(VLOOKUP($C5,'_METADATA_TEMPLATE'!$B$2:$H$826,2,FALSE),"") | E5: =IFERROR(VLOOKUP($C5,'_METADATA_TEMPLATE'!$B$2:$H$826,4,FALSE),"") | F5: =IFERROR(VLOOKUP($C5,'_METADATA_TEMPLATE'!$B$2:$H$826,5,FALSE),"") | G5: =IFERROR(VLOOKUP($C5,'_METADATA_TEMPLATE'!$B$2:$H$826,6,FALSE),"") | H5: =IFERROR(VLOOKUP($C5,'_METADATA_TEMPLATE'!$B$2:$H$826,7,FALSE),"") | I5: =IFERROR(VLOOKUP(C5,'_METADATA_DEFAULT'!$A:$B,2,FALSE),"")
A6: tcz_37526b20.base_table_user_allocation_new | B6: region_id | C6: region_id | D6: =IFERROR(VLOOKUP($C6,'_METADATA_TEMPLATE'!$B$2:$H$826,2,FALSE),"") | E6: =IFERROR(VLOOKUP($C6,'_METADATA_TEMPLATE'!$B$2:$H$826,4,FALSE),"") | F6: =IFERROR(VLOOKUP($C6,'_METADATA_TEMPLATE'!$B$2:$H$826,5,FALSE),"") | G6: =IFERROR(VLOOKUP($C6,'_METADATA_TEMPLATE'!$B$2:$H$826,6,FALSE),"") | H6: =IFERROR(VLOOKUP($C6,'_METADATA_TEMPLATE'!$B$2:$H$826,7,FALSE),"") | I6: =IFERROR(VLOOKUP(C6,'_METADATA_DEFAULT'!$A:$B,2,FALSE),"")

Sheet tcz_37526b20.pair_label_value_0
A1: Tabel | B1: Kolom | C1: DataKey | D1: Urutan | E1: Blok | F1: Nomor Rincian | G1: Label | H1: Tipe | I1: Keterangan
A2: tcz_37526b20.pair_label_value_0 | B2: assignment_id | C2: assignment_id | D2: =IFERROR(VLOOKUP($C2,'_METADATA_TEMPLATE'!$B$2:$H$826,2,FALSE),"") | E2: =IFERROR(VLOOKUP($C2,'_METADATA_TEMPLATE'!$B$2:$H$826,4,FALSE),"") | F2: =IFERROR(VLOOKUP($C2,'_METADATA_TEMPLATE'!$B$2:$H$826,5,FALSE),"") | G2: =IFERROR(VLOOKUP($C2,'_METADATA_TEMPLATE'!$B$2:$H$826,6,FALSE),"") | H2: =IFERROR(VLOOKUP($C2,'_METADATA_TEMPLATE'!$B$2:$H$826,7,FALSE),"") | I2: =IFERROR(VLOOKUP(C2,'_METADATA_DEFAULT'!$A:$B,2,FALSE),"") -> ID Assignment
A3: tcz_37526b20.pair_label_value_0 | B3: level_1_full_code | C3: level_1_full_code | D3: =IFERROR(VLOOKUP($C3,'_METADATA_TEMPLATE'!$B$2:$H$826,2,FALSE),"") | E3: =IFERROR(VLOOKUP($C3,'_METADATA_TEMPLATE'!$B$2:$H$826,4,FALSE),"") | F3: =IFERROR(VLOOKUP($C3,'_METADATA_TEMPLATE'!$B$2:$H$826,5,FALSE),"") | G3: =IFERROR(VLOOKUP($C3,'_METADATA_TEMPLATE'!$B$2:$H$826,6,FALSE),"") | H3: =IFERROR(VLOOKUP($C3,'_METADATA_TEMPLATE'!$B$2:$H$826,7,FALSE),"") | I3: =IFERROR(VLOOKUP(C3,'_METADATA_DEFAULT'!$A:$B,2,FALSE),"") -> Kode Lengkap Provinsi
A4: tcz_37526b20.pair_label_value_0 | B4: level_2_full_code | C4: level_2_full_code | D4: =IFERROR(VLOOKUP($C4,'_METADATA_TEMPLATE'!$B$2:$H$826,2,FALSE),"") | E4: =IFERROR(VLOOKUP($C4,'_METADATA_TEMPLATE'!$B$2:$H$826,4,FALSE),"") | F4: =IFERROR(VLOOKUP($C4,'_METADATA_TEMPLATE'!$B$2:$H$826,5,FALSE),"") | G4: =IFERROR(VLOOKUP($C4,'_METADATA_TEMPLATE'!$B$2:$H$826,6,FALSE),"") | H4: =IFERROR(VLOOKUP($C4,'_METADATA_TEMPLATE'!$B$2:$H$826,7,FALSE),"") | I4: =IFERROR(VLOOKUP(C4,'_METADATA_DEFAULT'!$A:$B,2,FALSE),"") -> Kode Lengkap Kabupaten/Kota
A5: tcz_37526b20.pair_label_value_0 | B5: assignment_date_modified | C5: assignment_date_modified | D5: =IFERROR(VLOOKUP($C5,'_METADATA_TEMPLATE'!$B$2:$H$826,2,FALSE),"") | E5: =IFERROR(VLOOKUP($C5,'_METADATA_TEMPLATE'!$B$2:$H$826,4,FALSE),"") | F5: =IFERROR(VLOOKUP($C5,'_METADATA_TEMPLATE'!$B$2:$H$826,5,FALSE),"") | G5: =IFERROR(VLOOKUP($C5,'_METADATA_TEMPLATE'!$B$2:$H$826,6,FALSE),"") | H5: =IFERROR(VLOOKUP($C5,'_METADATA_TEMPLATE'!$B$2:$H$826,7,FALSE),"") | I5: =IFERROR(VLOOKUP(C5,'_METADATA_DEFAULT'!$A:$B,2,FALSE),"") -> Tanggal Assignment Terakhir Diubah
A6: tcz_37526b20.pair_label_value_0 | B6: assignment_id_timestamp | C6: assignment_id_timestamp | D6: =IFERROR(VLOOKUP($C6,'_METADATA_TEMPLATE'!$B$2:$H$826,2,FALSE),"") | E6: =IFERROR(VLOOKUP($C6,'_METADATA_TEMPLATE'!$B$2:$H$826,4,FALSE),"") | F6: =IFERROR(VLOOKUP($C6,'_METADATA_TEMPLATE'!$B$2:$H$826,5,FALSE),"") | G6: =IFERROR(VLOOKUP($C6,'_METADATA_TEMPLATE'!$B$2:$H$826,6,FALSE),"") | H6: =IFERROR(VLOOKUP($C6,'_METADATA_TEMPLATE'!$B$2:$H$826,7,FALSE),"") | I6: =IFERROR(VLOOKUP(C6,'_METADATA_DEFAULT'!$A:$B,2,FALSE),"") -> ID Assignment + Timestamp
A7: tcz_37526b20.pair_label_value_0 | B7: assignment_listing | C7: assignment_listing | D7: =IFERROR(VLOOKUP($C7,'_METADATA_TEMPLATE'!$B$2:$H$826,2,FALSE),"") | E7: =IFERROR(VLOOKUP($C7,'_METADATA_TEMPLATE'!$B$2:$H$826,4,FALSE),"") | F7: =IFERROR(VLOOKUP($C7,'_METADATA_TEMPLATE'!$B$2:$H$826,5,FALSE),"") | G7: =IFERROR(VLOOKUP($C7,'_METADATA_TEMPLATE'!$B$2:$H$826,6,FALSE),"") | H7: =IFERROR(VLOOKUP($C7,'_METADATA_TEMPLATE'!$B$2:$H$826,7,FALSE),"") | I7: =IFERROR(VLOOKUP(C7,'_METADATA_DEFAULT'!$A:$B,2,FALSE),"") -> 1 = Assignment Tambahan, 0 = Assignment Prelist
A8: tcz_37526b20.pair_label_value_0 | B8: assignment_status_alias | C8: assignment_status_alias | D8: =IFERROR(VLOOKUP($C8,'_METADATA_TEMPLATE'!$B$2:$H$826,2,FALSE),"") | E8: =IFERROR(VLOOKUP($C8,'_METADATA_TEMPLATE'!$B$2:$H$826,4,FALSE),"") | F8: =IFERROR(VLOOKUP($C8,'_METADATA_TEMPLATE'!$B$2:$H$826,5,FALSE),"") | G8: =IFERROR(VLOOKUP($C8,'_METADATA_TEMPLATE'!$B$2:$H$826,6,FALSE),"") | H8: =IFERROR(VLOOKUP($C8,'_METADATA_TEMPLATE'!$B$2:$H$826,7,FALSE),"") | I8: =IFERROR(VLOOKUP(C8,'_METADATA_DEFAULT'!$A:$B,2,FALSE),"") -> Status Assignment
A9: tcz_37526b20.pair_label_value_0 | B9: assignment_status_id | C9: assignment_status_id | D9: =IFERROR(VLOOKUP($C9,'_METADATA_TEMPLATE'!$B$2:$H$826,2,FALSE),"") | E9: =IFERROR(VLOOKUP($C9,'_METADATA_TEMPLATE'!$B$2:$H$826,4,FALSE),"") | F9: =IFERROR(VLOOKUP($C9,'_METADATA_TEMPLATE'!$B$2:$H$826,5,FALSE),"") | G9: =IFERROR(VLOOKUP($C9,'_METADATA_TEMPLATE'!$B$2:$H$826,6,FALSE),"") | H9: =IFERROR(VLOOKUP($C9,'_METADATA_TEMPLATE'!$B$2:$H$826,7,FALSE),"") | I9: =IFERROR(VLOOKUP(C9,'_METADATA_DEFAULT'!$A:$B,2,FALSE),"") -> ID Status Assignment
A10: tcz_37526b20.pair_label_value_0 | B10: data_key | C10: data_key | D10: =IFERROR(VLOOKUP($C10,'_METADATA_TEMPLATE'!$B$2:$H$826,2,FALSE),"") | E10: =IFERROR(VLOOKUP($C10,'_METADATA_TEMPLATE'!$B$2:$H$826,4,FALSE),"") | F10: =IFERROR(VLOOKUP($C10,'_METADATA_TEMPLATE'!$B$2:$H$826,5,FALSE),"") | G10: =IFERROR(VLOOKUP($C10,'_METADATA_TEMPLATE'!$B$2:$H$826,6,FALSE),"") | H10: =IFERROR(VLOOKUP($C10,'_METADATA_TEMPLATE'!$B$2:$H$826,7,FALSE),"") | I10: =IFERROR(VLOOKUP(C10,'_METADATA_DEFAULT'!$A:$B,2,FALSE),"")
A11: tcz_37526b20.pair_label_value_0 | B11: is_active | C11: is_active | D11: =IFERROR(VLOOKUP($C11,'_METADATA_TEMPLATE'!$B$2:$H$826,2,FALSE),"") | E11: =IFERROR(VLOOKUP($C11,'_METADATA_TEMPLATE'!$B$2:$H$826,4,FALSE),"") | F11: =IFERROR(VLOOKUP($C11,'_METADATA_TEMPLATE'!$B$2:$H$826,5,FALSE),"") | G11: =IFERROR(VLOOKUP($C11,'_METADATA_TEMPLATE'!$B$2:$H$826,6,FALSE),"") | H11: =IFERROR(VLOOKUP($C11,'_METADATA_TEMPLATE'!$B$2:$H$826,7,FALSE),"") | I11: =IFERROR(VLOOKUP(C11,'_METADATA_DEFAULT'!$A:$B,2,FALSE),"") -> 1 = Aktif, 0 = Dihapus
A12: tcz_37526b20.pair_label_value_0 | B12: level_1_code | C12: level_1_code | D12: =IFERROR(VLOOKUP($C12,'_METADATA_TEMPLATE'!$B$2:$H$826,2,FALSE),"") | E12: =IFERROR(VLOOKUP($C12,'_METADATA_TEMPLATE'!$B$2:$H$826,4,FALSE),"") | F12: =IFERROR(VLOOKUP($C12,'_METADATA_TEMPLATE'!$B$2:$H$826,5,FALSE),"") | G12: =IFERROR(VLOOKUP($C12,'_METADATA_TEMPLATE'!$B$2:$H$826,6,FALSE),"") | H12: =IFERROR(VLOOKUP($C12,'_METADATA_TEMPLATE'!$B$2:$H$826,7,FALSE),"") | I12: =IFERROR(VLOOKUP(C12,'_METADATA_DEFAULT'!$A:$B,2,FALSE),"") -> Kode Provinsi
A13: tcz_37526b20.pair_label_value_0 | B13: level_1_name | C13: level_1_name | D13: =IFERROR(VLOOKUP($C13,'_METADATA_TEMPLATE'!$B$2:$H$826,2,FALSE),"") | E13: =IFERROR(VLOOKUP($C13,'_METADATA_TEMPLATE'!$B$2:$H$826,4,FALSE),"") | F13: =IFERROR(VLOOKUP($C13,'_METADATA_TEMPLATE'!$B$2:$H$826,5,FALSE),"") | G13: =IFERROR(VLOOKUP($C13,'_METADATA_TEMPLATE'!$B$2:$H$826,6,FALSE),"") | H13: =IFERROR(VLOOKUP($C13,'_METADATA_TEMPLATE'!$B$2:$H$826,7,FALSE),"") | I13: =IFERROR(VLOOKUP(C13,'_METADATA_DEFAULT'!$A:$B,2,FALSE),"") -> Provinsi
... A43: tcz_37526b20.pair_label_value_0 | B43: survey_period_name | C43: survey_period_name | D43: =IFERROR(VLOOKUP($C43,'_METADATA_TEMPLATE'!$B$2:$H$826,2,FALSE),"") | E43: =IFERROR(VLOOKUP($C43,'_METADATA_TEMPLATE'!$B$2:$H$826,4,FALSE),"") | F43: =IFERROR(VLOOKUP($C43,'_METADATA_TEMPLATE'!$B$2:$H$826,5,FALSE),"") | G43: =IFERROR(VLOOKUP($C43,'_METADATA_TEMPLATE'!$B$2:$H$826,6,FALSE),"") | H43: =IFERROR(VLOOKUP($C43,'_METADATA_TEMPLATE'!$B$2:$H$826,7,FALSE),"") | I43: =IFERROR(VLOOKUP(C43,'_METADATA_DEFAULT'!$A:$B,2,FALSE),"")

Sheet tcz_37526b20.pusat_nested
A1: Tabel | B1: Kolom | C1: DataKey | D1: Urutan | E1: Blok | F1: Nomor Rincian | G1: Label | H1: Tipe | I1: Keterangan
A2: tcz_37526b20.pusat_nested | B2: kp_jenis_label | C2: kp_jenis | D2: =IFERROR(VLOOKUP($C2,'_METADATA_TEMPLATE'!$B$2:$H$826,2,FALSE),"") -> 101 | E2: =IFERROR(VLOOKUP($C2,'_METADATA_TEMPLATE'!$B$2:$H$826,4,FALSE),"") -> SE2026 - L BLOK II | F2: =IFERROR(VLOOKUP($C2,'_METADATA_TEMPLATE'!$B$2:$H$826,5,FALSE),"") | G2: =IFERROR(VLOOKUP($C2,'_METADATA_TEMPLATE'!$B$2:$H$826,6,FALSE),"") -> Jenis Unit | H2: =IFERROR(VLOOKUP($C2,'_METADATA_TEMPLATE'!$B$2:$H$826,7,FALSE),"") -> Radio Group | I2: =IFERROR(VLOOKUP(C2,'_METADATA_DEFAULT'!$A:$B,2,FALSE),"")
A3: tcz_37526b20.pusat_nested | B3: kp_jenis_value | C3: kp_jenis | D3: =IFERROR(VLOOKUP($C3,'_METADATA_TEMPLATE'!$B$2:$H$826,2,FALSE),"") -> 101 | E3: =IFERROR(VLOOKUP($C3,'_METADATA_TEMPLATE'!$B$2:$H$826,4,FALSE),"") -> SE2026 - L BLOK II | F3: =IFERROR(VLOOKUP($C3,'_METADATA_TEMPLATE'!$B$2:$H$826,5,FALSE),"") | G3: =IFERROR(VLOOKUP($C3,'_METADATA_TEMPLATE'!$B$2:$H$826,6,FALSE),"") -> Jenis Unit | H3: =IFERROR(VLOOKUP($C3,'_METADATA_TEMPLATE'!$B$2:$H$826,7,FALSE),"") -> Radio Group | I3: =IFERROR(VLOOKUP(C3,'_METADATA_DEFAULT'!$A:$B,2,FALSE),"")
A4: tcz_37526b20.pusat_nested | B4: kp_prov_label | C4: kp_prov | D4: =IFERROR(VLOOKUP($C4,'_METADATA_TEMPLATE'!$B$2:$H$826,2,FALSE),"") -> 102 | E4: =IFERROR(VLOOKUP($C4,'_METADATA_TEMPLATE'!$B$2:$H$826,4,FALSE),"") -> SE2026 - L BLOK II | F4: =IFERROR(VLOOKUP($C4,'_METADATA_TEMPLATE'!$B$2:$H$826,5,FALSE),"") | G4: =IFERROR(VLOOKUP($C4,'_METADATA_TEMPLATE'!$B$2:$H$826,6,FALSE),"") -> Provinsi | H4: =IFERROR(VLOOKUP($C4,'_METADATA_TEMPLATE'!$B$2:$H$826,7,FALSE),"") -> Select | I4: =IFERROR(VLOOKUP(C4,'_METADATA_DEFAULT'!$A:$B,2,FALSE),"")
A5: tcz_37526b20.pusat_nested | B5: kp_prov_value | C5: kp_prov | D5: =IFERROR(VLOOKUP($C5,'_METADATA_TEMPLATE'!$B$2:$H$826,2,FALSE),"") -> 102 | E5: =IFERROR(VLOOKUP($C5,'_METADATA_TEMPLATE'!$B$2:$H$826,4,FALSE),"") -> SE2026 - L BLOK II | F5: =IFERROR(VLOOKUP($C5,'_METADATA_TEMPLATE'!$B$2:$H$826,5,FALSE),"") | G5: =IFERROR(VLOOKUP($C5,'_METADATA_TEMPLATE'!$B$2:$H$826,6,FALSE),"") -> Provinsi | H5: =IFERROR(VLOOKUP($C5,'_METADATA_TEMPLATE'!$B$2:$H$826,7,FALSE),"") -> Select | I5: =IFERROR(VLOOKUP(C5,'_METADATA_DEFAULT'!$A:$B,2,FALSE),"")
A6: tcz_37526b20.pusat_nested | B6: kp_kab_label | C6: kp_kab | D6: =IFERROR(VLOOKUP($C6,'_METADATA_TEMPLATE'!$B$2:$H$826,2,FALSE),"") -> 104 | E6: =IFERROR(VLOOKUP($C6,'_METADATA_TEMPLATE'!$B$2:$H$826,4,FALSE),"") -> SE2026 - L BLOK II | F6: =IFERROR(VLOOKUP($C6,'_METADATA_TEMPLATE'!$B$2:$H$826,5,FALSE),"") | G6: =IFERROR(VLOOKUP($C6,'_METADATA_TEMPLATE'!$B$2:$H$826,6,FALSE),"") -> Kabupaten | H6: =IFERROR(VLOOKUP($C6,'_METADATA_TEMPLATE'!$B$2:$H$826,7,FALSE),"") -> Select | I6: =IFERROR(VLOOKUP(C6,'_METADATA_DEFAULT'!$A:$B,2,FALSE),"")
A7: tcz_37526b20.pusat_nested | B7: kp_kab_value | C7: kp_kab | D7: =IFERROR(VLOOKUP($C7,'_METADATA_TEMPLATE'!$B$2:$H$826,2,FALSE),"") -> 104 | E7: =IFERROR(VLOOKUP($C7,'_METADATA_TEMPLATE'!$B$2:$H$826,4,FALSE),"") -> SE2026 - L BLOK II | F7: =IFERROR(VLOOKUP($C7,'_METADATA_TEMPLATE'!$B$2:$H$826,5,FALSE),"") | G7: =IFERROR(VLOOKUP($C7,'_METADATA_TEMPLATE'!$B$2:$H$826,6,FALSE),"") -> Kabupaten | H7: =IFERROR(VLOOKUP($C7,'_METADATA_TEMPLATE'!$B$2:$H$826,7,FALSE),"") -> Select | I7: =IFERROR(VLOOKUP(C7,'_METADATA_DEFAULT'!$A:$B,2,FALSE),"")
A8: tcz_37526b20.pusat_nested | B8: kp_tk | C8: kp_tk | D8: =IFERROR(VLOOKUP($C8,'_METADATA_TEMPLATE'!$B$2:$H$826,2,FALSE),"") -> 109 | E8: =IFERROR(VLOOKUP($C8,'_METADATA_TEMPLATE'!$B$2:$H$826,4,FALSE),"") -> SE2026 - L BLOK II | F8: =IFERROR(VLOOKUP($C8,'_METADATA_TEMPLATE'!$B$2:$H$826,5,FALSE),"") | G8: =IFERROR(VLOOKUP($C8,'_METADATA_TEMPLATE'!$B$2:$H$826,6,FALSE),"") -> Jumlah Pekerja (per 31 Desember 2025) (orang) | H8: =IFERROR(VLOOKUP($C8,'_METADATA_TEMPLATE'!$B$2:$H$826,7,FALSE),"") -> Number | I8: =IFERROR(VLOOKUP(C8,'_METADATA_DEFAULT'!$A:$B,2,FALSE),"")
A9: tcz_37526b20.pusat_nested | B9: kp_kbli_label | C9: kp_kbli | D9: =IFERROR(VLOOKUP($C9,'_METADATA_TEMPLATE'!$B$2:$H$826,2,FALSE),"") -> 111 | E9: =IFERROR(VLOOKUP($C9,'_METADATA_TEMPLATE'!$B$2:$H$826,4,FALSE),"") -> SE2026 - L BLOK II | F9: =IFERROR(VLOOKUP($C9,'_METADATA_TEMPLATE'!$B$2:$H$826,5,FALSE),"") | G9: =IFERROR(VLOOKUP($C9,'_METADATA_TEMPLATE'!$B$2:$H$826,6,FALSE),"") -> KBLI | H9: =IFERROR(VLOOKUP($C9,'_METADATA_TEMPLATE'!$B$2:$H$826,7,FALSE),"") -> Select | I9: =IFERROR(VLOOKUP(C9,'_METADATA_DEFAULT'!$A:$B,2,FALSE),"")
A10: tcz_37526b20.pusat_nested | B10: kp_kbli_value | C10: kp_kbli | D10: =IFERROR(VLOOKUP($C10,'_METADATA_TEMPLATE'!$B$2:$H$826,2,FALSE),"") -> 111 | E10: =IFERROR(VLOOKUP($C10,'_METADATA_TEMPLATE'!$B$2:$H$826,4,FALSE),"") -> SE2026 - L BLOK II | F10: =IFERROR(VLOOKUP($C10,'_METADATA_TEMPLATE'!$B$2:$H$826,5,FALSE),"") | G10: =IFERROR(VLOOKUP($C10,'_METADATA_TEMPLATE'!$B$2:$H$826,6,FALSE),"") -> KBLI | H10: =IFERROR(VLOOKUP($C10,'_METADATA_TEMPLATE'!$B$2:$H$826,7,FALSE),"") -> Select | I10: =IFERROR(VLOOKUP(C10,'_METADATA_DEFAULT'!$A:$B,2,FALSE),"")
A11: tcz_37526b20.pusat_nested | B11: kp_cabang | C11: kp_cabang | D11: =IFERROR(VLOOKUP($C11,'_METADATA_TEMPLATE'!$B$2:$H$826,2,FALSE),"") -> 113 | E11: =IFERROR(VLOOKUP($C11,'_METADATA_TEMPLATE'!$B$2:$H$826,4,FALSE),"") -> BLOK I | F11: =IFERROR(VLOOKUP($C11,'_METADATA_TEMPLATE'!$B$2:$H$826,5,FALSE),"") | G11: =IFERROR(VLOOKUP($C11,'_METADATA_TEMPLATE'!$B$2:$H$826,6,FALSE),"") -> Nama Kantor/ Unit | H11: =IFERROR(VLOOKUP($C11,'_METADATA_TEMPLATE'!$B$2:$H$826,7,FALSE),"") -> Text Input | I11: =IFERROR(VLOOKUP(C11,'_METADATA_DEFAULT'!$A:$B,2,FALSE),"")
A12: tcz_37526b20.pusat_nested | B12: kp_cat | C12: kp_cat | D12: =IFERROR(VLOOKUP($C12,'_METADATA_TEMPLATE'!$B$2:$H$826,2,FALSE),"") -> 118 | E12: =IFERROR(VLOOKUP($C12,'_METADATA_TEMPLATE'!$B$2:$H$826,4,FALSE),"") -> SE2026 - L BLOK II | F12: =IFERROR(VLOOKUP($C12,'_METADATA_TEMPLATE'!$B$2:$H$826,5,FALSE),"") | G12: =IFERROR(VLOOKUP($C12,'_METADATA_TEMPLATE'!$B$2:$H$826,6,FALSE),"") -> CATATAN | H12: =IFERROR(VLOOKUP($C12,'_METADATA_TEMPLATE'!$B$2:$H$826,7,FALSE),"") -> Text Input | I12: =IFERROR(VLOOKUP(C12,'_METADATA_DEFAULT'!$A:$B,2,FALSE),"")
A13: tcz_37526b20.pusat_nested | B13: kp_pengeluaran | C13: kp_pengeluaran | D13: =IFERROR(VLOOKUP($C13,'_METADATA_TEMPLATE'!$B$2:$H$826,2,FALSE),"") -> 119 | E13: =IFERROR(VLOOKUP($C13,'_METADATA_TEMPLATE'!$B$2:$H$826,4,FALSE),"") -> BLOK I | F13: =IFERROR(VLOOKUP($C13,'_METADATA_TEMPLATE'!$B$2:$H$826,5,FALSE),"") | G13: =IFERROR(VLOOKUP($C13,'_METADATA_TEMPLATE'!$B$2:$H$826,6,FALSE),"") -> Nilai Pengeluaran Tahun 2025 | H13: =IFERROR(VLOOKUP($C13,'_METADATA_TEMPLATE'!$B$2:$H$826,7,FALSE),"") -> Currency | I13: =IFERROR(VLOOKUP(C13,'_METADATA_DEFAULT'!$A:$B,2,FALSE),"")
... A57: tcz_37526b20.pusat_nested | B57: assignment_date_modified | C57: assignment_date_modified | D57: =IFERROR(VLOOKUP($C57,'_METADATA_TEMPLATE'!$B$2:$H$826,2,FALSE),"") | E57: =IFERROR(VLOOKUP($C57,'_METADATA_TEMPLATE'!$B$2:$H$826,4,FALSE),"") | F57: =IFERROR(VLOOKUP($C57,'_METADATA_TEMPLATE'!$B$2:$H$826,5,FALSE),"") | G57: =IFERROR(VLOOKUP($C57,'_METADATA_TEMPLATE'!$B$2:$H$826,6,FALSE),"") | H57: =IFERROR(VLOOKUP($C57,'_METADATA_TEMPLATE'!$B$2:$H$826,7,FALSE),"") | I57: =IFERROR(VLOOKUP(C57,'_METADATA_DEFAULT'!$A:$B,2,FALSE),"") -> Tanggal Assignment Terakhir Diubah

Sheet tcz_37526b20.root_table
A1: Tabel | B1: Kolom | C1: DataKey | D1: Urutan | E1: Blok | F1: Nomor Rincian | G1: Label | H1: Tipe | I1: Keterangan
A2: tcz_37526b20.root_table | B2: kunjungan_1 | C2: kunjungan_1 | D2: =IFERROR(VLOOKUP($C2,'_METADATA_TEMPLATE'!$B$2:$H$826,2,FALSE),"") -> 2 | E2: =IFERROR(VLOOKUP($C2,'_METADATA_TEMPLATE'!$B$2:$H$826,4,FALSE),"") -> PENGANTAR | F2: =IFERROR(VLOOKUP($C2,'_METADATA_TEMPLATE'!$B$2:$H$826,5,FALSE),"") | G2: =IFERROR(VLOOKUP($C2,'_METADATA_TEMPLATE'!$B$2:$H$826,6,FALSE),"") -> Waktu Kunjungan I | H2: =IFERROR(VLOOKUP($C2,'_METADATA_TEMPLATE'!$B$2:$H$826,7,FALSE),"") -> NowInput | I2: =IFERROR(VLOOKUP(C2,'_METADATA_DEFAULT'!$A:$B,2,FALSE),"")
A3: tcz_37526b20.root_table | B3: catatan_1 | C3: catatan_1 | D3: =IFERROR(VLOOKUP($C3,'_METADATA_TEMPLATE'!$B$2:$H$826,2,FALSE),"") -> 3 | E3: =IFERROR(VLOOKUP($C3,'_METADATA_TEMPLATE'!$B$2:$H$826,4,FALSE),"") -> PENGANTAR | F3: =IFERROR(VLOOKUP($C3,'_METADATA_TEMPLATE'!$B$2:$H$826,5,FALSE),"") | G3: =IFERROR(VLOOKUP($C3,'_METADATA_TEMPLATE'!$B$2:$H$826,6,FALSE),"") -> Catatan Kunjungan I | H3: =IFERROR(VLOOKUP($C3,'_METADATA_TEMPLATE'!$B$2:$H$826,7,FALSE),"") -> Text Area | I3: =IFERROR(VLOOKUP(C3,'_METADATA_DEFAULT'!$A:$B,2,FALSE),"")
A4: tcz_37526b20.root_table | B4: kunjungan_2 | C4: kunjungan_2 | D4: =IFERROR(VLOOKUP($C4,'_METADATA_TEMPLATE'!$B$2:$H$826,2,FALSE),"") -> 4 | E4: =IFERROR(VLOOKUP($C4,'_METADATA_TEMPLATE'!$B$2:$H$826,4,FALSE),"") -> PENGANTAR | F4: =IFERROR(VLOOKUP($C4,'_METADATA_TEMPLATE'!$B$2:$H$826,5,FALSE),"") | G4: =IFERROR(VLOOKUP($C4,'_METADATA_TEMPLATE'!$B$2:$H$826,6,FALSE),"") -> Waktu Kunjungan II Waktu Kunjungan II Hanya Dapat Diisi Empat Jam setelah Kunjungan I | H4: =IFERROR(VLOOKUP($C4,'_METADATA_TEMPLATE'!$B$2:$H$826,7,FALSE),"") -> NowInput | I4: =IFERROR(VLOOKUP(C4,'_METADATA_DEFAULT'!$A:$B,2,FALSE),"")
A5: tcz_37526b20.root_table | B5: catatan_2 | C5: catatan_2 | D5: =IFERROR(VLOOKUP($C5,'_METADATA_TEMPLATE'!$B$2:$H$826,2,FALSE),"") -> 5 | E5: =IFERROR(VLOOKUP($C5,'_METADATA_TEMPLATE'!$B$2:$H$826,4,FALSE),"") -> PENGANTAR | F5: =IFERROR(VLOOKUP($C5,'_METADATA_TEMPLATE'!$B$2:$H$826,5,FALSE),"") | G5: =IFERROR(VLOOKUP($C5,'_METADATA_TEMPLATE'!$B$2:$H$826,6,FALSE),"") -> Catatan Kunjungan II | H5: =IFERROR(VLOOKUP($C5,'_METADATA_TEMPLATE'!$B$2:$H$826,7,FALSE),"") -> Text Area | I5: =IFERROR(VLOOKUP(C5,'_METADATA_DEFAULT'!$A:$B,2,FALSE),"")
A6: tcz_37526b20.root_table | B6: kunjungan_3 | C6: kunjungan_3 | D6: =IFERROR(VLOOKUP($C6,'_METADATA_TEMPLATE'!$B$2:$H$826,2,FALSE),"") -> 6 | E6: =IFERROR(VLOOKUP($C6,'_METADATA_TEMPLATE'!$B$2:$H$826,4,FALSE),"") -> PENGANTAR | F6: =IFERROR(VLOOKUP($C6,'_METADATA_TEMPLATE'!$B$2:$H$826,5,FALSE),"") | G6: =IFERROR(VLOOKUP($C6,'_METADATA_TEMPLATE'!$B$2:$H$826,6,FALSE),"") -> Waktu Kunjungan III Waktu Kunjungan III Hanya Dapat Diisi Empat Jam setelah Kunjungan II | H6: =IFERROR(VLOOKUP($C6,'_METADATA_TEMPLATE'!$B$2:$H$826,7,FALSE),"") -> NowInput | I6: =IFERROR(VLOOKUP(C6,'_METADATA_DEFAULT'!$A:$B,2,FALSE),"")
A7: tcz_37526b20.root_table | B7: alasan_nr_label | C7: alasan_nr | D7: =IFERROR(VLOOKUP($C7,'_METADATA_TEMPLATE'!$B$2:$H$826,2,FALSE),"") -> 7 | E7: =IFERROR(VLOOKUP($C7,'_METADATA_TEMPLATE'!$B$2:$H$826,4,FALSE),"") -> PENGANTAR | F7: =IFERROR(VLOOKUP($C7,'_METADATA_TEMPLATE'!$B$2:$H$826,5,FALSE),"") | G7: =IFERROR(VLOOKUP($C7,'_METADATA_TEMPLATE'!$B$2:$H$826,6,FALSE),"") -> Alasan Nonrespon | H7: =IFERROR(VLOOKUP($C7,'_METADATA_TEMPLATE'!$B$2:$H$826,7,FALSE),"") -> Radio Group | I7: =IFERROR(VLOOKUP(C7,'_METADATA_DEFAULT'!$A:$B,2,FALSE),"")
A8: tcz_37526b20.root_table | B8: alasan_nr_value | C8: alasan_nr | D8: =IFERROR(VLOOKUP($C8,'_METADATA_TEMPLATE'!$B$2:$H$826,2,FALSE),"") -> 7 | E8: =IFERROR(VLOOKUP($C8,'_METADATA_TEMPLATE'!$B$2:$H$826,4,FALSE),"") -> PENGANTAR | F8: =IFERROR(VLOOKUP($C8,'_METADATA_TEMPLATE'!$B$2:$H$826,5,FALSE),"") | G8: =IFERROR(VLOOKUP($C8,'_METADATA_TEMPLATE'!$B$2:$H$826,6,FALSE),"") -> Alasan Nonrespon | H8: =IFERROR(VLOOKUP($C8,'_METADATA_TEMPLATE'!$B$2:$H$826,7,FALSE),"") -> Radio Group | I8: =IFERROR(VLOOKUP(C8,'_METADATA_DEFAULT'!$A:$B,2,FALSE),"")
A9: tcz_37526b20.root_table | B9: catatan_3 | C9: catatan_3 | D9: =IFERROR(VLOOKUP($C9,'_METADATA_TEMPLATE'!$B$2:$H$826,2,FALSE),"") -> 8 | E9: =IFERROR(VLOOKUP($C9,'_METADATA_TEMPLATE'!$B$2:$H$826,4,FALSE),"") -> PENGANTAR | F9: =IFERROR(VLOOKUP($C9,'_METADATA_TEMPLATE'!$B$2:$H$826,5,FALSE),"") | G9: =IFERROR(VLOOKUP($C9,'_METADATA_TEMPLATE'!$B$2:$H$826,6,FALSE),"") -> Catatan Kunjungan III | H9: =IFERROR(VLOOKUP($C9,'_METADATA_TEMPLATE'!$B$2:$H$826,7,FALSE),"") -> Text Area | I9: =IFERROR(VLOOKUP(C9,'_METADATA_DEFAULT'!$A:$B,2,FALSE),"")
A10: tcz_37526b20.root_table | B10: keberadaan_label | C10: keberadaan | D10: =IFERROR(VLOOKUP($C10,'_METADATA_TEMPLATE'!$B$2:$H$826,2,FALSE),"") -> 8 | E10: =IFERROR(VLOOKUP($C10,'_METADATA_TEMPLATE'!$B$2:$H$826,4,FALSE),"") -> BLOK I | F10: =IFERROR(VLOOKUP($C10,'_METADATA_TEMPLATE'!$B$2:$H$826,5,FALSE),"") | G10: =IFERROR(VLOOKUP($C10,'_METADATA_TEMPLATE'!$B$2:$H$826,6,FALSE),"") -> Keadaan perusahaan saat dikunjungi: | H10: =IFERROR(VLOOKUP($C10,'_METADATA_TEMPLATE'!$B$2:$H$826,7,FALSE),"") -> Radio Group | I10: =IFERROR(VLOOKUP(C10,'_METADATA_DEFAULT'!$A:$B,2,FALSE),"")
A11: tcz_37526b20.root_table | B11: keberadaan_value | C11: keberadaan | D11: =IFERROR(VLOOKUP($C11,'_METADATA_TEMPLATE'!$B$2:$H$826,2,FALSE),"") -> 8 | E11: =IFERROR(VLOOKUP($C11,'_METADATA_TEMPLATE'!$B$2:$H$826,4,FALSE),"") -> BLOK I | F11: =IFERROR(VLOOKUP($C11,'_METADATA_TEMPLATE'!$B$2:$H$826,5,FALSE),"") | G11: =IFERROR(VLOOKUP($C11,'_METADATA_TEMPLATE'!$B$2:$H$826,6,FALSE),"") -> Keadaan perusahaan saat dikunjungi: | H11: =IFERROR(VLOOKUP($C11,'_METADATA_TEMPLATE'!$B$2:$H$826,7,FALSE),"") -> Radio Group | I11: =IFERROR(VLOOKUP(C11,'_METADATA_DEFAULT'!$A:$B,2,FALSE),"")
A12: tcz_37526b20.root_table | B12: kunjungan_pml | C12: kunjungan_pml | D12: =IFERROR(VLOOKUP($C12,'_METADATA_TEMPLATE'!$B$2:$H$826,2,FALSE),"") -> 9 | E12: =IFERROR(VLOOKUP($C12,'_METADATA_TEMPLATE'!$B$2:$H$826,4,FALSE),"") -> PENGANTAR | F12: =IFERROR(VLOOKUP($C12,'_METADATA_TEMPLATE'!$B$2:$H$826,5,FALSE),"") | G12: =IFERROR(VLOOKUP($C12,'_METADATA_TEMPLATE'!$B$2:$H$826,6,FALSE),"") -> Waktu Kunjungan PML | H12: =IFERROR(VLOOKUP($C12,'_METADATA_TEMPLATE'!$B$2:$H$826,7,FALSE),"") -> NowInput | I12: =IFERROR(VLOOKUP(C12,'_METADATA_DEFAULT'!$A:$B,2,FALSE),"")
A13: tcz_37526b20.root_table | B13: geotag_pml_accuracy | C13: geotag_pml | D13: =IFERROR(VLOOKUP($C13,'_METADATA_TEMPLATE'!$B$2:$H$826,2,FALSE),"") -> 10 | E13: =IFERROR(VLOOKUP($C13,'_METADATA_TEMPLATE'!$B$2:$H$826,4,FALSE),"") -> PENGANTAR | F13: =IFERROR(VLOOKUP($C13,'_METADATA_TEMPLATE'!$B$2:$H$826,5,FALSE),"") | G13: =IFERROR(VLOOKUP($C13,'_METADATA_TEMPLATE'!$B$2:$H$826,6,FALSE),"") -> Geotaging oleh PML | H13: =IFERROR(VLOOKUP($C13,'_METADATA_TEMPLATE'!$B$2:$H$826,7,FALSE),"") -> GpsInput | I13: =IFERROR(VLOOKUP(C13,'_METADATA_DEFAULT'!$A:$B,2,FALSE),"")
... A274: tcz_37526b20.root_table | B274: total_pengeluaran_nvarchar512 | C274: total_pengeluaran_nvarchar512 | D274: =IFERROR(VLOOKUP($C274,'_METADATA_TEMPLATE'!$B$2:$H$826,2,FALSE),"") | E274: =IFERROR(VLOOKUP($C274,'_METADATA_TEMPLATE'!$B$2:$H$826,4,FALSE),"") | F274: =IFERROR(VLOOKUP($C274,'_METADATA_TEMPLATE'!$B$2:$H$826,5,FALSE),"") | G274: =IFERROR(VLOOKUP($C274,'_METADATA_TEMPLATE'!$B$2:$H$826,6,FALSE),"") | H274: =IFERROR(VLOOKUP($C274,'_METADATA_TEMPLATE'!$B$2:$H$826,7,FALSE),"") | I274: =IFERROR(VLOOKUP(C274,'_METADATA_DEFAULT'!$A:$B,2,FALSE),"")

Sheet _METADATA_TEMPLATE
A1: template | B1: data_key | C1: position | D1: row_num | E1: section | F1: number | G1: label | H1: type
A2: UMKM | B2: mulai | C2: 1 | D2: 1 | E2: PENGANTAR | G2: Waktu Mulai | H2: NowInput
A3: UMKM | B3: kunjungan_1 | C3: 2 | D3: 2 | E3: PENGANTAR | G3: Waktu Kunjungan I | H3: NowInput
A4: UMKM | B4: catatan_1 | C4: 3 | D4: 3 | E4: PENGANTAR | G4: Catatan Kunjungan I | H4: Text Area
A5: UMKM | B5: kunjungan_2 | C5: 4 | D5: 4 | E5: PENGANTAR | G5: Waktu Kunjungan II Waktu Kunjungan II Hanya Dapat Diisi Empat Jam setelah Kunjungan I | H5: NowInput
A6: UMKM | B6: catatan_2 | C6: 5 | D6: 5 | E6: PENGANTAR | G6: Catatan Kunjungan II | H6: Text Area
A7: UMKM | B7: kunjungan_3 | C7: 6 | D7: 6 | E7: PENGANTAR | G7: Waktu Kunjungan III Waktu Kunjungan III Hanya Dapat Diisi Empat Jam setelah Kunjungan II | H7: NowInput
A8: UMKM | B8: alasan_nr | C8: 7 | D8: 7 | E8: PENGANTAR | G8: Alasan Nonrespon | H8: Radio Group
A9: UMKM | B9: catatan_3 | C9: 8 | D9: 8 | E9: PENGANTAR | G9: Catatan Kunjungan III | H9: Text Area
A10: UMKM | B10: kunjungan_pml | C10: 9 | D10: 9 | E10: PENGANTAR | G10: Waktu Kunjungan PML | H10: NowInput
A11: UMKM | B11: geotag_pml | C11: 10 | D11: 10 | E11: PENGANTAR | G11: Geotaging oleh PML | H11: GpsInput
A12: UMKM | B12: catatan_pml | C12: 11 | D12: 11 | E12: PENGANTAR | G12: Catatan Kunjungan PML | H12: Text Area
A13: UMKM | B13: prov | C13: 12 | D13: 12 | E13: IDENTITAS WILAYAH | F13: 1 | G13: Provinsi | H13: Text Input
A14: UMKM | B14: kab | C14: 13 | D14: 13 | E14: IDENTITAS WILAYAH | F14: 2 | G14: Kabupaten/Kota | H14: Text Input
A15: UMKM | B15: kec | C15: 14 | D15: 14 | E15: IDENTITAS WILAYAH | F15: 3 | G15: Kecamatan | H15: Text Input
A16: UMKM | B16: desa | C16: 15 | D16: 15 | E16: IDENTITAS WILAYAH | F16: 4 | G16: Desa/Kelurahan | H16: Text Input
A17: UMKM | B17: ubah_wilayah | C17: 16 | D17: 16 | E17: IDENTITAS WILAYAH | G17: Apakah Terdapat Perubahan Wilayah? | H17: Radio Group
A18: UMKM | B18: kab_baru | C18: 17 | D18: 17 | E18: IDENTITAS WILAYAH | F18: 2 | G18: Kabupaten/Kota | H18: Select
A19: UMKM | B19: kec_baru | C19: 18 | D19: 18 | E19: IDENTITAS WILAYAH | F19: 3 | G19: Kecamatan | H19: Select
A20: UMKM | B20: desa_baru | C20: 19 | D20: 19 | E20: IDENTITAS WILAYAH | F20: 4 | G20: Desa/Kelurahan | H20: Select
A21: UMKM | B21: klas_desa | C21: 20 | D21: 20 | E21: IDENTITAS WILAYAH | F21: 5 | G21: Klasifikasi Desa/Kelurahan | H21: Text Input
A22: UMKM | B22: kode_sls | C22: 21 | D22: 21 | E22: IDENTITAS WILAYAH | F22: 6 | G22: Kode SLS/Non-SLS/Sub-SLS | H22: Text Input
A23: UMKM | B23: nama_sls | C23: 22 | D23: 22 | E23: IDENTITAS WILAYAH | F23: 7 | G23: Nama SLS/Non-SLS | H23: Text Input
A24: UMKM | B24: ubah_sls | C24: 23 | D24: 23 | E24: IDENTITAS WILAYAH | F24: 8 | G24: Apakah mengalami perubahan SLS (pemekaran/penggabungan/perubahan nama/perubahan batas?) | H24: Radio Group
A25: UMKM | B25: nama_sls_lap | C25: 24 | D25: 24 | E25: IDENTITAS WILAYAH | F25: 9 | G25: Nama SLS/Non-SLS Lapangan | H25: Text Input
A26: UMKM | B26: kodepos | C26: 25 | D26: 25 | E26: IDENTITAS WILAYAH | F26: 10 | G26: Kodepos | H26: Text Input
A27: UMKM | B27: jalan_domisili_cawi | C27: 26 | D27: 26 | E27: IDENTITAS WILAYAH | G27: Nama Jalan/Gang/Komplek/Gedung/dll (Tuliskan dengan rinci) | H27: Text Area
A28: UMKM | B28: nomor_domisili_cawi | C28: 27 | D28: 27 | E28: IDENTITAS WILAYAH | G28: Blok/Nomor Rumah (Jika tidak ada nomor rumah, tulis strip (-)) | H28: Text Input
A29: UMKM | B29: domisili_cawi | C29: 28 | D29: 28 | E29: IDENTITAS WILAYAH | G29: Apakah alamat di atas sesuai dengan alamat pada Kartu Keluarga? | H29: Radio Group
A30: UMKM | B30: jenis_prelist | C30: 29 | D30: 29 | E30: SE2026 - P | G30: Jenis Prelist | H30: Variable
A31: UMKM | B31: is_new | C31: 30 | D31: 30 | E31: SE2026 - P | G31: Tambah : Pilih jenis assignment yang akan ditambahkan | H31: Radio Group
A32: UMKM | B32: pilih_umkm | C32: 31 | D32: 31 | E32: SE2026 - P | G32: Daftar Usaha Non Prelist Pilih "Tidak Ditemukan" jika nama usaha tidak ada di daftar usaha | H32: Select
A33: UMKM | B33: nama_lookup_umkm | C33: 32 | D33: 32 | E33: SE2026 - P | G33: Nama dari Lookup | H33: Variable
A34: UMKM | B34: nama_usaha_bang | C34: 33 | D34: 33 | E34: SE2026 - P | G34: Nama Bangunan/ Usaha/ Perusahaan $ket | H34: Text Input
A35: UMKM | B35: no_kk | C35: 34 | D35: 34 | E35: SE2026 - P | G35: Nomor KK $ket | H35: Text Input
A36: UMKM | B36: nik | C36: 35 | D36: 35 | E36: SE2026 - P | G36: NIK $ket | H36: Text Input
A37: UMKM | B37: nama_kk | C37: 36 | D37: 36 | E37: SE2026 - P | G37: Nama Kepala Keluarga (KK) $ket | H37: Text Input
A38: UMKM | B38: htmlHasilPemadananNIK_p | C38: 37 | D38: 37 | E38: SE2026 - P | G38: ‎ Hasil Pengecekan NIK | H38: Variable
... A70: UMKM | B70: tambah_dtsen | C70: 69 | D70: 69 | E70: SE2026 - L BLOK I | G70: Nama Anggota Keluarga Baru | H70: List Text Repeat
A71: UMKM | B71: nama_dtsen | C71: 70 | D71: 70 | E71: SE2026 - L BLOK I | F71: 6 | G71: Nama anggota keluarga | H71: Variable
A72: UMKM | B72: nama_dtsen_edit | C72: 71 | D72: 71 | E72: SE2026 - L BLOK I | F72: 6 | G72: Nama Anggota Keluarga (Perbaiki apabila nama anggota keluarga yang ditampilkan belum sesuai) | H72: Text Input
A73: UMKM | B73: nik_dtsen | C73: 72 | D73: 72 | E73: SE2026 - L BLOK I | F73: 7 | G73: Nomor Induk Kependudukan (NIK) $NAME$ (Tulis sesuai yang tercantum di KK atau KTP paling mutakhir) | H73: Text Input
A74: UMKM | B74: htmlHasilPemadananNIK | C74: 73 | D74: 73 | E74: SE2026 - L BLOK I | G74: Hasil Pengecekan NIK | H74: Variable
A75: UMKM | B75: hubungan | C75: 74 | D75: 74 | E75: SE2026 - L BLOK I | F75: 8 | G75: Hubungan $NAME$ dengan Kepala Keluarga | H75: Radio Group
A76: UMKM | B76: keberadaan_dtsen | C76: 75 | D76: 75 | E76: SE2026 - L BLOK I | F76: 9 | G76: a. Keberadaan (status) anggota keluarga saat ini | H76: Radio Group
A77: UMKM | B77: alamat_dn | C77: 76 | D77: 76 | E77: SE2026 - L BLOK I | F77: 9 | G77: b. Alamat domisili: | H77: Radio Group
A78: UMKM | B78: prov_dn | C78: 77 | D78: 77 | E78: SE2026 - L BLOK I | F78: a | G78: Provinsi | H78: Select
A79: UMKM | B79: kab_dn | C79: 78 | D79: 78 | E79: SE2026 - L BLOK I | F79: b | G79: Kabupaten/Kota | H79: Select
A80: UMKM | B80: domisili_ln | C80: 79 | D80: 79 | E80: SE2026 - L BLOK I | F80: 10LN | G80: Negara domisili Individu (luar negeri) | H80: Select
A81: UMKM | B81: status_kawin | C81: 80 | D81: 80 | E81: SE2026 - L BLOK I | F81: 11 | G81: Apakah status perkawinan $NAME$ | H81: Radio Group
A82: UMKM | B82: jk_dtsen | C82: 81 | D82: 81 | E82: SE2026 - L BLOK I | F82: 12 | G82: Jenis Kelamin $NAME$ | H82: Radio Group
A83: UMKM | B83: tgl_lahir | C83: 82 | D83: 82 | E83: SE2026 - L BLOK I | G83: • Tanggal Lahir | H83: Text Input
A84: UMKM | B84: bln_lahir | C84: 83 | D84: 83 | E84: SE2026 - L BLOK I | G84: • Bulan Lahir | H84: Select
A85: UMKM | B85: thn_lahir | C85: 84 | D85: 84 | E85: SE2026 - L BLOK I | G85: • Tahun Lahir | H85: Masking
A86: UMKM | B86: umur_ak | C86: 85 | D86: 85 | E86: SE2026 - L BLOK I | F86: 13 | G86: b. Umur $NAME$ | H86: Number
A87: UMKM | B87: art_ada_usaha | C87: 86 | D87: 86 | E87: SE2026 - L BLOK I | G87: Apakah $NAME$ memiliki usaha$label_berikut? $daftar_usaha | H87: Radio Group
A88: UMKM | B88: usaha_tinggal_ak | C88: 87 | D88: 87 | E88: SE2026 - L BLOK I | F88: 13 | G88: c1. Usaha di dalam bangunan tempat tinggal ini (contoh: usaha online, catering, les privat, dsb, yang dilakukan di tempat tinggal). | H88: Radio Group
A89: UMKM | B89: usaha_keliling_ak | C89: 88 | D89: 88 | E89: SE2026 - L BLOK I | F89: 13 | G89: c2. Usaha keliling (contoh: pedagang sayur keliling, ojek keliling, tukang becak keliling, supir) | H89: Radio Group
A90: UMKM | B90: usaha_bongkar_ak | C90: 89 | D90: 89 | E90: SE2026 - L BLOK I | F90: 13 | G90: c3. Usaha di luar bangunan tempat tinggal dengan lokasi tetap dan perlengkapan usaha dipindah/dibongkar pasang (contoh: usaha kaki lima/tenda/gerobakan) | H90: Radio Group
A91: UMKM | B91: usaha_konstruksi_ak | C91: 90 | D91: 90 | E91: SE2026 - L BLOK I | F91: 13 | G91: c4. Usaha konstruksi perorangan, pertambangan dan penggalian perorangan | H91: Radio Group
A92: UMKM | B92: usaha_sewa_ak | C92: 91 | D92: 91 | E92: SE2026 - L BLOK I | F92: 13 | G92: c5. Usaha persewaan rumah/kamar/kantor | H92: Radio Group
A93: UMKM | B93: usaha_tanaman_ak | C93: 92 | D93: 92 | E93: SE2026 - L BLOK I | F93: 13 | G93: c6. Usaha pertanian perorangan (bukan perusahaan) | H93: Radio Group
A94: UMKM | B94: usaha_hortikultura_ak | C94: 93 | D94: 93 | E94: SE2026 - L BLOK I | F94: 13 | G94: c7. Usaha pertanian perorangan (bukan perusahaan) | H94: Radio Group
A95: UMKM | B95: usaha_perkebunan_ak | C95: 94 | D95: 94 | E95: SE2026 - L BLOK I | F95: 13 | G95: c8. Usaha pertanian perorangan (bukan perusahaan) | H95: Radio Group
A96: UMKM | B96: usaha_peternakan_ak | C96: 95 | D96: 95 | E96: SE2026 - L BLOK I | F96: 13 | G96: c9. Usaha pertanian perorangan (bukan perusahaan) | H96: Radio Group
A97: UMKM | B97: usaha_kehutanan_ak | C97: 96 | D97: 96 | E97: SE2026 - L BLOK I | F97: 13 | G97: c10. Usaha pertanian perorangan (bukan perusahaan) | H97: Radio Group
A98: UMKM | B98: usaha_perikanan_ak | C98: 97 | D98: 97 | E98: SE2026 - L BLOK I | F98: 13 | G98: c11. Usaha pertanian perorangan (bukan perusahaan) | H98: Radio Group
A99: UMKM | B99: usaha_jasa_pertanian_ak | C99: 98 | D99: 98 | E99: SE2026 - L BLOK I | F99: 13 | G99: c12. Usaha pertanian perorangan (bukan perusahaan) | H99: Radio Group
A100: UMKM | B100: nama_usaha_tambahan | C100: 99 | D100: 99 | E100: SE2026 - L BLOK II | G100: Nama Usaha Tambahan | H100: List Text Repeat
A101: UMKM | B101: kp_unit | C101: 100 | D101: 100 | E101: SE2026 - L BLOK II | G101: Nama Kantor/ Unit | H101: Text Input
A102: UMKM | B102: kp_jenis | C102: 101 | D102: 101 | E102: SE2026 - L BLOK II | G102: Jenis Unit | H102: Radio Group
A103: UMKM | B103: kp_prov | C103: 102 | D103: 102 | E103: SE2026 - L BLOK II | G103: Provinsi | H103: Select
A104: UMKM | B104: pilih_umkm_sls | C104: 103 | D104: 103 | E104: SE2026 - L BLOK II | G104: Pilih UMKM dalam satu SLS yang sama | H104: Select
A105: UMKM | B105: kp_kab | C105: 104 | D105: 104 | E105: SE2026 - L BLOK II | G105: Kabupaten | H105: Select
A106: UMKM | B106: kp_produksi_lingkungan | C106: 105 | D106: 105 | E106: SE2026 - L BLOK II | G106: Apakah perusahaan ini memproduksi barang/jasa yang ramah lingkungan? | H106: Radio Group
A107: UMKM | B107: prov_l | C107: 106 | D107: 106 | E107: SE2026 - L BLOK II | F107: 1 | G107: Provinsi | H107: Variable
A108: UMKM | B108: kab_l | C108: 107 | D108: 107 | E108: SE2026 - L BLOK II | F108: 2 | G108: Kabupaten/Kota | H108: Variable
A109: UMKM | B109: kp_perlindungan_lingkungan | C109: 108 | D109: 108 | E109: SE2026 - L BLOK II | G109: Apakah perusahaan ini mengeluarkan biaya perlindungan lingkungan dan/atau pembelian barang dan jasa yang ramah lingkungan | H109: Radio Group
A110: UMKM | B110: kp_tk | C110: 109 | D110: 109 | E110: SE2026 - L BLOK II | G110: Jumlah Pekerja (per 31 Desember 2025) (orang) | H110: Number
A111: UMKM | B111: kec_l | C111: 110 | D111: 110 | E111: SE2026 - L BLOK II | F111: 3 | G111: Kecamatan | H111: Variable
A112: UMKM | B112: kp_kbli | C112: 111 | D112: 111 | E112: SE2026 - L BLOK II | G112: KBLI | H112: Select
A113: UMKM | B113: desa_l | C113: 112 | D113: 112 | E113: SE2026 - L BLOK II | F113: 4 | G113: Kelurahan/Desa/Nagari | H113: Variable
A114: UMKM | B114: kp_total_pengeluaran | C114: 113 | D114: 113 | E114: SE2026 - L BLOK II | G114: Pengeluaran Tahun 2025 (Rupiah) | H114: Currency
A115: UMKM | B115: kodesls_l | C115: 114 | D115: 114 | E115: SE2026 - L BLOK II | G115: Kode SLS/Sub-SLS | H115: Variable
A116: UMKM | B116: kp_total_pendapatan | C116: 115 | D116: 115 | E116: SE2026 - L BLOK II | G116: Pendapatan Tahun 2025 (Rupiah) | H116: Currency
A117: UMKM | B117: sls_l | C117: 116 | D117: 116 | E117: SE2026 - L BLOK II | G117: Nama SLS/Sub-SLS | H117: Variable
A118: UMKM | B118: no_bang_l | C118: 117 | D118: 117 | E118: SE2026 - L BLOK II | F118: 6 | G118: Nomor Bangunan | H118: Variable
A119: UMKM | B119: kp_cat | C119: 118 | D119: 118 | E119: SE2026 - L BLOK II | G119: CATATAN | H119: Text Input
A120: UMKM | B120: no_usaha | C120: 119 | D120: 119 | E120: SE2026 - L BLOK II | F120: 7 | G120: Nomor Urut Usaha/Perusahaan | H120: Variable
A121: UMKM | B121: nama_usaha | C121: 120 | D121: 120 | E121: SE2026 - L BLOK II | F121: 8 | G121: a. Nama usaha/perusahaan | H121: Variable
A122: UMKM | B122: keberadaan_usaha | C122: 121 | D122: 121 | E122: SE2026 - L BLOK II | G122: Keberadaan Usaha | H122: Radio Group
A123: UMKM | B123: nama_usaha_edit | C123: 122 | D123: 122 | E123: SE2026 - L BLOK II | G123: $label_edit $hint_edit | H123: Text Input
A124: UMKM | B124: nama_komersial | C124: 123 | D124: 123 | E124: SE2026 - L BLOK II | F124: 8 | G124: b. Nama komersial usaha/perusahaan Jika tidak memiliki nama komersial, maka tuliskan nama usaha/perusahaan. | H124: Text Input
A125: UMKM | B125: alamat_usaha_view | C125: 124 | D125: 124 | E125: SE2026 - L BLOK II | F125: 8c | G125: Alamat usaha/perusahaan | H125: Text Area
A126: UMKM | B126: rt | C126: 125 | D126: 125 | E126: SE2026 - L BLOK II | G126: • RT | H126: Text Input
A127: UMKM | B127: rw | C127: 126 | D127: 126 | E127: SE2026 - L BLOK II | G127: • RW | H127: Text Input
A128: UMKM | B128: kode_pos | C128: 127 | D128: 127 | E128: SE2026 - L BLOK II | G128: • Kode Pos | H128: Variable
A129: UMKM | B129: kode_area | C129: 128 | D129: 128 | E129: SE2026 - L BLOK II | G129: - Kode Area | H129: Text Input
A130: UMKM | B130: no_telp | C130: 129 | D130: 129 | E130: SE2026 - L BLOK II | G130: - Nomor Telepon | H130: Text Input
A131: UMKM | B131: eks | C131: 130 | D131: 130 | E131: SE2026 - L BLOK II | G131: - Ekstensi | H131: Text Input
...

Sheet _METADATA_DEFAULT
A1: column | B1: description
A2: schema_name | B2: Nama Schema
A3: assignment_date_modified | B3: Tanggal Assignment Terakhir Diubah
A4: assignment_id | B4: ID Assignment
A5: assignment_id_timestamp | B5: ID Assignment + Timestamp
A6: assignment_listing | B6: 1 = Assignment Tambahan, 0 = Assignment Prelist
A7: assignment_status_alias | B7: Status Assignment
A8: assignment_status_id | B8: ID Status Assignment
A9: index1 | B9: ID Roster/Nested Level 1
A10: is_active | B10: 1 = Aktif, 0 = Dihapus
A11: mode | B11: Moda Survei
A12: code_identity | B12: Kode Identitas
... A53: index2 | B53: ID Roster/Nested Level 2
